,site,Brand,Conservation,Logging,Hurricane,Fire,Location,Landscape,Lat,Long,Season,mean_bioma,Forest_Los,FL,mean_NDVI,sd_NDVI,Canopy_Height_m,LatLong,NEAR_DIST_ROAD,NEAR_DIST_STRM,Nat_Dist
1,403A,Bushnell,Yes,No,Yes,Yes,Valley,"Broadleaf forest, broken canopy",17.41335951,-88.96718089,Dry,60.261,0,No Loss,0.919968414,0.003265528,17.0042,-1549.217506,0.000589841,0.006217961,Yes
2,410B,Moultry,No,No,Yes,No,Stock Transect,"Broadleaf forest, broken canopy",17.48417861,-89.05010749,Dry,80.0298,0,No Loss,0.924405751,0.003788774,18.8485,-1556.967984,0.002253045,0.012803408,Yes
3,405B,Moultry,No,No,Yes,No,Logging Road,"Broadleaf forest, broken canopy",17.46574656,-89.03907226,Dry,112.647,0,No Loss,0.923816872,0.00395797,21.679,-1555.13387,0.008215364,0.006699643,Yes
4,405C,Moultry,No,No,Yes,No,Logging Road,"Broadleaf forest, broken canopy",17.48168623,-89.039703,Rainy,98.6829,0,No Loss,0.92480184,0.003813623,18.6951,-1556.56415,0.000947915,0.004602894,Yes
5,409C,Moultry,No,No,Yes,no,Logging Road,"Broadleaf forest, broken canopy",17.46770222,-89.00091953,Rainy,98.5382,0,No Loss,0.925314666,0.003847048,17.54,-1554.641559,0.001332698,0.012005863,Yes
6,404C,Scoutguard,Yes,No,Yes,Yes,Seismic line,"Broadleaf forest, broken canopy",17.43042521,-88.83958657,Rainy,124.074,1.3,Loss,0.817135205,0.129814405,7.10376,-1548.511769,1.36E-05,0.003152959,Yes
7,406C,Bushnell,No,No,Yes,No,Stock Transect,"Broadleaf forest, broken canopy",17.48526623,-89.04018201,Rainy,90.1339,0,No Loss,0.925629417,0.003663119,20.185,-1556.891288,0.00144308,0.008201231,Yes
8,403C,Bushnell,Yes,No,Yes,Yes,Valley,"Broadleaf forest, broken canopy",17.41657114,-88.96773411,Rainy,66.2068,6.7,Loss,0.922647189,0.002467266,13.9033,-1549.51287,0.000992779,0.00380599,Yes
9,412C,Scoutguard,No,No,Yes,No,Stock Transect,"Broadleaf forest, broken canopy",17.48534023,-89.04638109,Rainy,84.3447,0,No Loss,0.921140461,0.004109854,21.1302,-1557.00627,0.002382712,0.011263949,Yes
10,413C2,Bushnell,Yes,No,Yes,Yes,Logging Road,"Broadleaf forest, broken canopy",17.422857,-88.856052,Rainy,71.9717,0,No Loss,0.919964877,0.003371276,15.2258,-1548.126288,0.005038974,0.000809616,Yes
11,401C2,Moultry,Yes,No,Yes,Yes,Seismic line,Secondary Forest,17.435722,-88.82854,Rainy,NA,5.3,Loss,0.918658374,0.00260318,9.69699,-1548.789729,0.001334224,0.013973231,Yes
12,407C2,Bushnell,No,No,Yes,No,Narrow survey trail,"Broadleaf forest, broken canopy",17.490966,-89.039448,Rainy,81.1188,0,No Loss,0.925260965,0.004748706,20.6936,-1557.385958,1.78E-05,0.006504917,Yes
13,402C2,Bushnell,Yes,No,Yes,Yes,Logging Road,"Broadleaf forest, broken canopy",17.423953,-88.846388,Rainy,84.114,0.5,Loss,0.916049756,0.005538629,12.9864,-1548.055289,0.003649044,0.000225201,Yes
14,408C2,Scoutguard,No,No,Yes,No,Logging Road,"Broadleaf forest, broken canopy",17.447098,-88.960261,Rainy,59.2374,0,No Loss,0.920523153,0.003708355,19.6724,-1552.098392,1.49E-05,0.011561731,Yes
15,404D,Scoutguard,Yes,No,Yes,Yes,Excavated Maya site,Secondary Forest,17.426351,-88.838253,Rainy,97.1703,1.3,Loss,0.919156247,0.002843303,16.3893,-1548.126579,0.003608368,0.004011208,Yes
16,402D,Bushnell,Yes,No,Yes,Yes,Logging Road,"Broadleaf forest, broken canopy",17.423953,-88.846388,Rainy,84.114,0.5,Loss,0.916049756,0.005538629,12.9864,-1548.055289,0.003649044,0.000225201,Yes
17,413D,Bushnell,Yes,No,Yes,Yes,Logging Road,"Broadleaf forest, broken canopy",17.422857,-88.856052,Rainy,71.9717,0,No Loss,0.919964877,0.003371276,15.2258,-1548.126288,0.005038974,0.000809616,Yes
18,405D,Moultry,No,No,Yes,No,Logging Road,"Broadleaf forest, broken canopy",17.489149,-89.038284,Rainy,79.1161,0,No Loss,0.925314279,0.004077481,18.8986,-1557.203816,6.57E-06,0.006394741,Yes
19,401D,Moultry,Yes,No,Yes,Yes,Seismic line,Secondary Forest,17.435722,-88.82854,Rainy,NA,5.3,Loss,0.918658374,0.00260318,9.69699,-1548.789729,0.001334224,0.013973231,Yes
20,407D,Bushnell,No,No,Yes,No,Narrow survey trail,"Broadleaf forest, broken canopy",17.490966,-89.039448,Rainy,81.1188,0,No Loss,0.925260965,0.004748706,20.6936,-1557.385958,1.78E-05,0.006504917,Yes
21,403D,Bushnell,Yes,No,Yes,Yes,Valley,"Broadleaf forest, broken canopy",17.414694,-88.9678,Rainy,63.7718,3,Loss,0.914971742,0.004544519,11.0102,-1549.347013,0.000102205,0.004818418,Yes
22,407E,Bushnell,No,No,Yes,No,Narrow survey trail,"Broadleaf forest, broken canopy",17.49502,-89.029038,Dry,74.1737,0,No Loss,0.927108653,0.004647094,19.5322,-1557.564801,1.26E-06,0.004537003,Yes
23,402E,Bushnell,No,No,Yes,No,Logging Road,"Broadleaf forest, broken canopy",17.427409,-88.847532,Dry,98.1434,1.4,Loss,0.91661453,0.002860008,16.3659,-1548.382279,2.67E-05,0.003864177,Yes
24,404E,Scoutguard,Yes,No,Yes,Yes,Open spot in forest,Secondary Forest,17.429816,-88.839145,Dry,118.786,0.9,Loss,0.917364419,0.003043248,16.9783,-1548.449951,3.10E-05,0.003584366,Yes
25,407F,Bushnell,No,No,Yes,No,Logging Road,"Broadleaf forest, broken canopy",17.501598,-88.995025,Dry,89.8551,0,No Loss,0.933432073,0.008018128,19.0737,-1557.555152,3.53E-06,0.000551926,Yes
26,411F,Scoutguard,No,No,Yes,No,Near seasonal stream spot,"Broadleaf forest, broken canopy",17.438972,-88.96122,Dry,60.0369,0,No Loss,0.900095335,0.03504979,7.43596,-1551.392225,1.44E-06,0.019248763,Yes
27,404F,Scoutguard,Yes,No,Yes,Yes,Seismic line,Secondary Forest,17.429816,-88.839145,Dry,118.786,0.9,Loss,0.917364419,0.003043248,16.9783,-1548.449951,3.10E-05,0.003584366,Yes
28,402F,Bushnell,Yes,No,Yes,Yes,Seismic line,Secondary Forest,17.427456,-88.84751,Dry,98.4771,1.4,Loss,0.916276348,0.002789328,16.3315,-1548.386071,4.36E-06,0.003902872,Yes
29,403F,Bushnell,No,No,Yes,No,Logging Road,"Broadleaf forest, broken canopy",17.444091,-88.961319,Dry,61.1687,0,No Loss,0.917138273,0.003258868,19.4439,-1551.849344,4.83E-06,0.014680618,Yes
30,412D,Scoutguard,No,No,Yes,No,Logging Road,"Broadleaf forest, broken canopy",17.476428,-89.040235,Rainy,110.019,0,No Loss,0.924848595,0.004130836,20.6431,-1556.105256,6.76E-06,0.001846414,Yes
31,406A,Bushnell,No,No,Yes,No,Stock Transect,"Broadleaf forest, broken canopy",17.47653224,-89.04018953,Dry,109.72,0,No Loss,0.924551929,0.003911283,20.3305,-1556.113743,0.00010695,0.001761971,Yes
32,409A,Moultry,No,No,Yes,No,Stock Transect,"Broadleaf forest, broken canopy",17.4835112,-89.04013753,Dry,94.618,0,No Loss,0.927271967,0.005665264,25.957,-1556.734242,0.001806905,0.006478731,Yes
33,401A,Moultry,Yes,No,Yes,Yes,Seismic line,Secondary Forest,17.42571742,-88.88756124,Dry,84.3198,4.8,Loss,0.917726903,0.002654618,16.3978,-1548.929524,0.001441151,0.000559307,Yes
34,405A,Moultry,No,No,Yes,No,Stock Transect,"Broadleaf forest, broken canopy",17.47230526,-89.03943854,Dry,114.796,0,No Loss,0.926521392,0.004035197,18.1509,-1555.72425,0.001686782,0.003715668,Yes
35,408B,Scoutguard,No,No,Yes,No,Stock Transect,"Broadleaf forest, broken canopy",17.49356512,-89.03419016,Dry,77.552,0.5,Loss,0.926845075,0.004787023,19.4567,-1557.525403,0.001043149,0.000642668,Yes
36,411B,Scoutguard,No,No,Yes,No,Logging Road,"Broadleaf forest, broken canopy",17.46071182,-89.03816725,Dry,108.899,0,No Loss,0.921862953,0.007384871,19.331,-1554.669779,0.013322594,0.005776317,Yes
37,412B,Scoutguard,No,No,Yes,No,Logging Road,"Broadleaf forest, broken canopy",17.46290971,-89.03935827,Dry,112.154,0,No Loss,0.923285766,0.004928956,25.7607,-1554.886274,0.011021671,0.007548788,Yes
38,408C,Scoutguard,No,No,Yes,No,Logging Road,"Broadleaf forest, broken canopy",17.47831622,-89.04024801,Rainy,106.673,0,No Loss,0.924353467,0.004541783,17.6159,-1556.273611,0.000393709,0.002001994,Yes
39,411C,Scoutguard,No,No,Yes,No,Logging Road,"Broadleaf forest, broken canopy",17.47642422,-89.039763,Rainy,108.938,0,No Loss,0.923758504,0.004159595,20.1828,-1556.09667,0.000400359,0.001437301,Yes
40,410C,Moultry,No,No,Yes,no,Logging Road,"Broadleaf forest, broken canopy",17.48707325,-89.00958064,Rainy,79.4555,0,No Loss,0.926165585,0.004905713,20.0645,-1556.517057,0.002623692,0.005471408,Yes
41,407C,Bushnell,No,No,Yes,no,Logging Road,"Broadleaf forest, broken canopy",17.46684422,-88.9986865,Rainy,93.2359,0,No Loss,0.928932157,0.003028122,17.1953,-1554.526193,0.003285788,0.009965654,Yes
42,405C2,Moultry,No,No,Yes,No,Logging Road,"Broadleaf forest, broken canopy",17.489149,-89.038284,Rainy,79.1161,0,No Loss,0.925314279,0.004077481,18.8986,-1557.203816,6.57E-06,0.006394741,Yes
43,406C2,Bushnell,No,No,Yes,No,Logging Road,"Broadleaf forest, broken canopy",17.449859,-88.957326,Rainy,51.4989,0,No Loss,0.917270349,0.0040178,24.5649,-1552.292796,4.00E-06,0.007711273,Yes
44,410C2,Moultry,No,No,Yes,No,Logging Road,"Broadleaf forest, broken canopy",17.439883,-88.964011,Rainy,61.4731,0.2,Loss,0.919348177,0.003472117,20.0075,-1551.521943,0.000979981,0.019672012,Yes
45,410D,Moultry,No,No,Yes,No,Logging Road,"Broadleaf forest, broken canopy",17.439883,-88.964011,Rainy,61.4731,0.2,Loss,0.919348177,0.003472117,20.0075,-1551.521943,0.000979981,0.019672012,Yes
46,409D,Moultry,No,No,Yes,No,Narrow survey trail,"Broadleaf forest, broken canopy",17.492107,-89.041685,Rainy,81.3965,1.4,Loss,0.924123779,0.005746877,23.5474,-1557.526682,1.59E-05,0.006602026,Yes
47,403E,Bushnell,Yes,No,Yes,Yes,Seismic line,Secondary Forest,17.495469,-89.003162,Dry,90.0405,0,No Loss,0.927128655,0.005030508,20.1003,-1557.152062,7.55E-05,0.007928332,Yes
48,409E,Moultry,No,No,Yes,No,Narrow survey trail,"Broadleaf forest, broken canopy",17.492256,-89.035663,Dry,77.6685,0,No Loss,0.924369905,0.004317057,18.0811,-1557.43461,5.63E-06,0.002543025,Yes
49,405E,Moultry,No,No,Yes,No,Logging Road,"Broadleaf forest, broken canopy",17.483513,-89.038526,Dry,92.168,0,No Loss,0.925971288,0.006029813,19.9185,-1556.706227,0.000196913,0.006288064,Yes
50,405F,Moultry,No,No,Yes,No,Logging Road,"Broadleaf forest, broken canopy",17.499055,-89.021035,Dry,54.8592,0,No Loss,0.920032026,0.002824811,15,-1557.783988,3.50E-07,0.006590955,Yes
51,413F,Scoutguard,Yes,No,Yes,Yes,Seismic line,Secondary Forest,17.436873,-88.829214,Dry,NA,3.7,Loss,0.919831531,0.003914205,14.9452,-1548.903723,1.35E-06,0.013293193,Yes
52,404B,Scoutguard,Yes,No,Yes,Yes,Logging Road,Secondary Forest,17.43535512,-88.82823294,Dry,NA,5.3,Loss,0.923164904,0.002420784,10.4872,-1548.751786,0.0016902,0.014170496,Yes
53,409C2,Moultry,No,No,Yes,No,Narrow survey trail,"Broadleaf forest, broken canopy",17.492107,-89.041685,Rainy,81.3965,1.4,Loss,0.924123779,0.005746877,23.5474,-1557.526682,1.59E-05,0.006602026,Yes
54,410A,Moultry,No,No,Yes,No,Stock Transect,"Broadleaf forest, broken canopy",17.48350721,-89.0479375,Dry,83.1761,0,No Loss,0.921491353,0.004381756,20.1407,-1556.870257,0.002985016,0.011279386,Yes
55,406B,Bushnell,No,No,Yes,No,Logging Road,"Broadleaf forest, broken canopy",17.48507556,-89.03830425,Dry,87.776,0,No Loss,0.926829659,0.006362728,19.3666,-1556.841477,0.000232279,0.006545494,Yes
56,403B,Bushnell,Yes,No,Yes,Yes,Valley,"Broadleaf forest, broken canopy",17.41430722,-88.96534676,Dry,67.3292,0.5,Loss,0.918586625,0.00305318,16.9887,-1549.269881,0.001703533,0.006987503,Yes
57,413C,Bushnell,Yes,No,Yes,Yes,Logging Road,Secondary Forest,17.4274302,-88.85605777,Rainy,70.1826,5,Loss,0.917373164,0.002224556,8.978,-1548.532744,0.000472752,0.003086276,Yes
58,407A,Bushnell,No,No,Yes,No,Stock Transect,"Broadleaf forest, broken canopy",17.4836072,-89.04509651,Dry,87.59,0,No Loss,0.925185461,0.00493083,21.4805,-1556.829491,0.004430248,0.009128706,Yes
59,403C2,Bushnell,Yes,No,Yes,Yes,Valley,"Broadleaf forest, broken canopy",17.414694,-88.9678,Rainy,63.7718,3,Loss,0.914971742,0.004544519,11.0102,-1549.347013,0.000102205,0.004818418,Yes
60,413E,Scoutguard,Yes,No,Yes,Yes,Seismic line,Secondary Forest,17.436875,-88.829212,Dry,NA,3.7,Loss,0.919831531,0.003914205,14.9452,-1548.903866,2.74E-06,0.013290444,Yes
61,409F,Moultry,No,No,Yes,No,Logging Road,"Broadleaf forest, broken canopy",17.506591,-88.974401,Dry,48.2394,0,No Loss,0.939636925,0.006425453,19.0143,-1557.638448,7.28E-07,0.009859229,Yes
62,404C2,Scoutguard,Yes,No,Yes,Yes,Excavated Maya site,Secondary Forest,17.426351,-88.838253,Rainy,97.1703,1.3,Loss,0.919156247,0.002843303,16.3893,-1548.126579,0.003608368,0.004011208,Yes
63,408D,Scoutguard,No,No,Yes,No,Logging Road,"Broadleaf forest, broken canopy",17.447098,-88.960261,Rainy,59.2374,0,No Loss,0.920523153,0.003708355,19.6724,-1552.098392,1.49E-05,0.011561731,Yes
64,406D,Bushnell,No,No,Yes,No,Logging Road,"Broadleaf forest, broken canopy",17.449859,-88.957326,Rainy,51.4989,0,No Loss,0.917270349,0.0040178,24.5649,-1552.292796,4.00E-06,0.007711273,Yes
65,406E,Bushnell,No,No,Yes,No,Logging Road,"Broadleaf forest, broken canopy",17.495956,-89.006717,Dry,76.7212,0,No Loss,0.924564029,0.005189701,18.7655,-1557.257604,6.89E-06,0.009249968,Yes
66,412E,Scoutguard,No,No,Yes,No,Logging Road,"Broadleaf forest, broken canopy",17.47459,-89.03983,Dry,112.195,0,No Loss,0.925537903,0.004442517,21.1558,-1555.934523,1.74E-05,0.002921052,Yes
67,407B,Bushnell,No,No,Yes,No,Stock Transect,"Broadleaf forest, broken canopy",17.4843206,-89.04961248,Dry,80.7498,0,No Loss,0.926281287,0.003236163,18.2049,-1556.971974,0.00204595,0.013126073,Yes
68,409B,Moultry,No,No,Yes,No,Stock Transect,"Broadleaf forest, broken canopy",17.48439059,-89.04270834,Dry,89.8549,0,No Loss,0.92371959,0.005091555,19.9721,-1556.857492,0.00411109,0.00827493,Yes
69,408E,Scoutguard,No,No,Yes,No,Near swampy spot,Low Scrub forest,17.461049,-88.99737,Dry,86.5986,0,No Loss,0.893818479,0.040555681,9.35517,-1553.987439,2.53E-05,0.004783447,Yes
70,401C,Moultry,Yes,No,Yes,Yes,Logging Road,Secondary Forest,17.43209822,-88.8250944,Rainy,9.88923,0,No Loss,0.919943253,0.002672579,12.5038,-1548.40777,0.005842859,0.015645388,Yes
71,506G,Bushnell,No,Yes,No,No,Along wide logging road,Mature forest,17.68487163,-88.95595008,Dry,162.216,0,No Loss,0.930277484,0.006799778,19.9876,-1573.174558,0.000855765,0.002841914,No
72,510H,Moultrycam,No,Yes,Yes,No,Along wide logging road,Disturbed High forest,17.49720225,-89.04634609,Dry,71.9061,0,No Loss,0.920776557,0.006282677,21,-1558.061927,0.000848669,0.005050111,Yes
73,507H,Bushnell,No,Yes,Yes,No,Along wide logging road,Disturbed High forest,17.49249925,-89.039095,Dry,81.0487,0,No Loss,0.92437953,0.00531436,18.4429,-1557.516302,0.000998473,0.005569805,Yes
74,509H,Bushnell,No,Yes,Yes,No,Along wide logging road,Disturbed High forest,17.49602925,-89.03680697,Dry,80.9924,0,No Loss,0.924250076,0.00518761,19.3214,-1557.79058,0.000547545,0.001961823,Yes
75,504C,Scoutguard,No,Yes,No,No,Along narrow seismic line,Mature forest,17.667951,-88.953363,Dry,155.222,0,No Loss,0.935031595,0.008551695,18.5102,-1571.623659,0.004959414,0.003007246,No
76,509C,Bushnell,No,Yes,Yes,No,Along narrow logging trail,Disturbed High forest,17.494012,-89.070833,Dry,123.256,0,No Loss,0.924606518,0.004588337,19.7895,-1558.206221,0.010674655,0.011795704,Yes
77,501C,Bushnell,No,Yes,No,No,Along narrow seismic line,Mature forest,17.6713,-88.956623,Dry,173.672,0,No Loss,0.930073935,0.007607019,17.8488,-1571.979172,0.001684083,0.000717306,No
78,507C,Bushnell,No,Yes,Yes,No,Along wide logging road,Disturbed High forest,17.496294,-89.037508,Dry,81.3758,0,No Loss,0.920411069,0.00450064,25.1712,-1557.826417,5.93E-06,0.002463883,Yes
79,504D,Scoutguard,No,Yes,No,No,Along wide logging road,Mature forest,17.68406362,-88.96484319,Rainy,156.413,0,No Loss,0.922298278,0.011196729,20.2104,-1573.259947,0.000780615,0.002108523,No
80,503D,Bushnell,No,Yes,No,No,Along wide logging road,Mature forest,17.70348066,-88.95591809,Rainy,141.995,0,No Loss,0.929415305,0.006792248,19.0365,-1574.829376,0.001905917,0.001249829,No
81,501D,Bushnell,No,Yes,No,No,Along wide logging road,Mature forest,17.70112066,-88.95562208,Rainy,138.302,0,No Loss,0.929199269,0.007461747,19.9449,-1574.6142,0.000529196,0.002906059,No
82,502D,Moultrycam,No,Yes,No,No,Along wide logging road,Mature forest,17.67950262,-88.96388417,Rainy,171.084,0,No Loss,0.924907006,0.006936782,15.6084,-1572.837223,0.000330786,0.000270283,No
83,505D,Moultrycam,No,Yes,No,No,Along narrow logging trail,Mature forest,17.68888463,-88.97619333,Rainy,160.809,0,No Loss,0.917414645,0.00796874,20.5036,-1573.889618,0.001287972,0.001196763,No
84,507E,Bushnell,No,Yes,Yes,No,Along wide logging road,Disturbed High forest,17.49248525,-89.039108,Rainy,81.0533,0,No Loss,0.924230695,0.005077315,18.3941,-1557.515283,0.000979823,0.005587277,Yes
85,510E,Moultrycam,No,Yes,Yes,No,Along wide logging road,Disturbed High forest,17.48994024,-89.0561392,Rainy,70.508,0,No Loss,0.922542914,0.004548774,22.5885,-1557.586552,0.003053642,0.01510554,Yes
86,504E,Scoutguard,No,Yes,No,No,Along wide logging road,Mature forest,17.68267062,-88.9744703,Rainy,157.99,0,No Loss,0.915095562,0.007469556,19.6224,-1573.306252,0.000834208,0.004814904,No
87,506E,Bushnell,No,Yes,No,No,Along wide logging road,Mature forest,17.68216862,-88.95632908,Rainy,168.141,0,No Loss,0.934609207,0.007172802,18.8405,-1572.940811,0.000262799,0.005480665,No
88,502E,Moultrycam,No,Yes,No,No,Along wide logging road,Mature forest,17.68114762,-88.97181027,Rainy,159.849,0,No Loss,0.92354233,0.00652161,24.1181,-1573.123711,0.000128244,0.007586069,No
89,512F,Scoutguard,No,Yes,Yes,No,Along wide logging road,Disturbed High forest,17.49640325,-89.0557592,Rainy,57.1459,0,No Loss,0.920251117,0.006490699,23.4276,-1558.155475,0.002683336,0.009797503,Yes
90,504F,Scoutguard,No,Yes,No,No,Along wide logging road,Mature forest,17.68615662,-88.98631645,Rainy,148.012,0,No Loss,0.927385646,0.007258368,18.9012,-1573.82593,0.000142862,0.006630639,No
91,505F,Moultrycam,No,Yes,No,No,Along narrow logging trail,Mature forest,17.68565262,-88.97692133,Rainy,165.724,0,No Loss,0.91701427,0.008390524,19.1883,-1573.614922,0.000717025,0.000969386,No
92,501F,Bushnell,No,Yes,No,No,Along wide logging road,Mature forest,17.70212966,-88.95821511,Rainy,134.683,0,No Loss,0.930568755,0.004930961,19.3364,-1574.749858,0.001827316,0.000621304,No
93,505G,Moultrycam,No,Yes,No,No,Along narrow logging trail,Mature forest,17.68428262,-88.97020125,Dry,157.709,0,No Loss,0.922370843,0.006912024,18.8875,-1573.374184,0.001092688,0.005537172,No
94,503G,Bushnell,No,Yes,No,No,At Pond,Mature forest,17.69539964,-88.96766123,Dry,134.561,0,No Loss,0.926212204,0.006290679,17.4392,-1574.318321,0.00029192,0.001532469,No
95,503E,Bushnell,No,Yes,No,No,At Pond,Mature forest,17.69516964,-88.96748722,Rainy,135.277,0,No Loss,0.922884418,0.007603177,17.8052,-1574.294779,0.000567359,0.001271351,No
96,512E,Scoutguard,No,Yes,Yes,No,Along wide logging road,Disturbed High forest,17.49860725,-89.05144915,Rainy,64.9518,0,No Loss,0.920112671,0.00642043,18.3584,-1558.276334,0.001957299,0.007587086,Yes
97,510D,Moultrycam,No,Yes,Yes,No,Along wide logging road,Disturbed High forest,17.49785425,-89.04650709,Rainy,70.7656,0,No Loss,0.924374926,0.004893171,23.1048,-1558.122803,0.001307169,0.004788947,Yes
98,507G,Bushnell,No,Yes,Yes,No,Along wide logging road,Disturbed High forest,17.49653825,-89.04383506,Dry,76.8815,0,No Loss,0.92307547,0.004456247,18.9014,-1557.958866,0.002101997,0.003691017,Yes
99,502G,Moultrycam,No,Yes,No,No,Along narrow logging trail,Mature forest,17.68946963,-88.98449443,Dry,147.855,0,No Loss,0.920337995,0.010507941,20.6409,-1574.088511,0.000712814,0.007167895,No
100,507F,Bushnell,No,Yes,Yes,No,Along wide logging road,Disturbed High forest,17.49442525,-89.04254604,Rainy,79.813,0,No Loss,0.926175997,0.003797672,21.407,-1557.748166,0.001214572,0.004663493,Yes
101,511H,Moultrycam,No,Yes,Yes,No,Along wide logging road,Disturbed High forest,17.49654425,-89.05228316,Dry,62.9644,0,No Loss,0.925703236,0.004655842,18.4321,-1558.107213,0.000773325,0.009722638,Yes
102,512C,Scoutguard,No,Yes,Yes,No,Along narrow logging trail,Disturbed High forest,17.495003,-89.055536,Dry,60.5511,0,No Loss,0.915785878,0.007242878,21.6056,-1558.02687,0.001722066,0.011198324,Yes
103,508C,Scoutguard,No,Yes,Yes,No,Along narrow logging trail,Disturbed High forest,17.487131,-89.0684,Dry,106.217,0,No Loss,0.919056559,0.005490892,19.3299,-1557.550779,0.004252638,0.014108264,Yes
104,506D,Bushnell,No,Yes,No,No,Along narrow logging trail,Mature forest,17.69166464,-88.9654652,Rainy,144.449,0,No Loss,0.921962307,0.005889928,19,-1573.947175,0.001612103,0.001279057,No
105,508D,Scoutguard,No,Yes,Yes,No,Along wide logging road,Disturbed High forest,17.49258023,-89.06984037,Rainy,116.934,0,No Loss,0.922314517,0.004455256,16.9719,-1558.061329,0.008933246,0.013464818,Yes
106,509D,Bushnell,No,Yes,Yes,No,Along narrow logging trail,Disturbed High forest,17.48737723,-89.06511431,Rainy,88.8739,0,No Loss,0.921737797,0.004281147,18.8708,-1557.515252,0.002056775,0.012876863,Yes
107,507D,Bushnell,No,Yes,Yes,No,Along wide logging road,Disturbed High forest,17.49406925,-89.03559796,Rainy,79.0217,0,No Loss,0.924500673,0.004312034,19.9107,-1557.594917,0.001086377,0.001736999,Yes
108,509E,Bushnell,No,Yes,Yes,No,Along wide logging road,Disturbed High forest,17.48718323,-89.06050026,Rainy,68.3694,0,No Loss,0.925794481,0.004998557,19.3529,-1557.417286,0.001782866,0.011880171,Yes
109,501E,Bushnell,No,Yes,No,No,Along wide logging road,Mature forest,17.69183764,-88.96706322,Rainy,141.674,0,No Loss,0.921798548,0.006601296,21.2688,-1573.990837,9.81E-05,0.002038758,No
110,510FG,Moultrycam,No,Yes,Yes,No,Along narrow logging trail,Disturbed High forest,17.48627923,-89.05900324,Rainy,71.1077,0,No Loss,0.924400104,0.005614878,22.6539,-1557.310598,0.00033207,0.011006593,Yes
111,503F,Bushnell,No,Yes,No,No,At Pond,Mature forest,17.69528064,-88.96757322,Rainy,134.925,0,No Loss,0.924161685,0.007195043,17.3749,-1574.306176,0.000432785,0.001397788,No
112,511FG,Moultrycam,No,Yes,Yes,No,Along narrow logging trail,Disturbed High forest,17.48776423,-89.05193315,Rainy,79.8986,0,No Loss,0.923714034,0.004234293,17.3352,-1557.319211,0.001084955,0.014567401,Yes
113,502F,Moultrycam,No,Yes,No,No,Along narrow logging trail,Mature forest,17.69205663,-88.98645645,Rainy,139.185,0,No Loss,0.923163473,0.007377387,20.2063,-1574.353427,0.002826303,0.010388132,No
114,509G,Bushnell,No,Yes,Yes,No,Along wide logging road,Disturbed High forest,17.48889324,-89.039455,Dry,80.7791,0,No Loss,0.923918903,0.004873849,21.106,-1557.201523,0.000802056,0.007498469,Yes
115,512G,Scoutguard,No,Yes,Yes,No,Along wide logging road,Disturbed High forest,17.49836125,-89.05144115,Dry,64.8553,0,No Loss,0.920077888,0.005362003,18.9496,-1558.254287,0.001711193,0.007770588,Yes
116,512H,Moultrycam,No,Yes,Yes,No,Along wide logging road,Disturbed High forest,17.48974724,-89.04046202,Dry,82.2955,0,No Loss,0.928158406,0.00296625,16.1713,-1557.295175,0.001563214,0.007957639,Yes
117,508H,Scoutguard,No,Yes,Yes,No,Along wide logging road,Disturbed High forest,17.44646618,-88.98674235,Dry,73.5178,0,No Loss,0.924897789,0.0033323,18.7835,-1552.504191,0.002547802,0.009327327,Yes
118,509F,Bushnell,No,Yes,Yes,No,Along narrow logging trail,Disturbed High forest,17.48948524,-89.04097702,Rainy,82.1747,0,No Loss,0.926475437,0.0033513,17,-1557.280853,0.001575057,0.008535449,Yes
119,511D,Moultrycam,No,Yes,Yes,No,Along wide logging road,Disturbed High forest,17.49329425,-89.04217804,Rainy,80.6346,0,No Loss,0.92271736,0.003675809,19.546,-1557.641021,0.000497225,0.005613105,Yes
120,505E,Moultrycam,No,Yes,No,No,Along narrow logging trail,Mature forest,17.69099063,-88.97498131,Rainy,155.744,0,No Loss,0.927588759,0.006011904,19.0706,-1574.055561,0.001888505,0.002686534,No
121,505C,Moultrycam,No,Yes,No,No,Along wide logging road,Mature forest,17.686443,-88.986117,Dry,148.079,0,No Loss,0.922592515,0.007421794,19.0486,-1573.847886,4.67E-06,0.006561741,No
122,508E,Scoutguard,No,Yes,Yes,No,Along wide logging road,Disturbed High forest,17.48891324,-89.039392,Rainy,80.6976,0,No Loss,0.924458937,0.00491193,21.1634,-1557.202202,0.000758393,0.007434994,Yes
123,510C,Moultrycam,No,Yes,Yes,No,Along narrow logging trail,Disturbed High forest,17.496905,-89.049508,Dry,67.32,1.2,Loss,0.925506239,0.004160599,21.2009,-1558.090782,1.60E-05,0.007866608,Yes
124,502C,Moultrycam,No,Yes,No,No,Along narrow seismic line,Mature forest,17.674197,-88.953728,Dry,177.367,3,Loss,0.930587173,0.009483291,16.1009,-1572.185713,0.004598441,0.00320792,No
125,503C,Scoutguard,Yes,No,No,No,Edge of stream,Mature Forest,17.635389,-88.968908,Dry,NA,0,No Loss,0.93127666,0.007130263,21.2161,-1569.001302,0.008572291,9.20E-05,No
126,506C,Bushnell,Yes,No,No,No,Edge of stream,Mature Forest,17.635355,-88.966967,Dry,NA,0,No Loss,0.919197783,0.011724734,24.4878,-1568.964046,0.009334802,1.77E-05,No
127,511C,Moultrycam,No,Yes,Yes,No,Along narrow logging trail,Disturbed High forest,17.493995,-89.05235,Dry,68.1281,1.2,Loss,0.925493056,0.004788941,19.5819,-1557.881366,1.19E-06,0.011791281,Yes
128,506F,Bushnell,No,Yes,No,No,Along wide logging road,Mature forest,17.68800564,-88.94442694,Rainy,223.154,0,No Loss,0.933287361,0.006884797,19,-1573.249525,8.35E-05,0.003635485,No
129,601H,Bushnell,No,No,No,No,Along narrow logging trail,Mature Forest,17.68390151,-88.96447969,Dry,156.853,0,No Loss,0.925822083,0.008863427,19.5692,-1573.239097,0.001156932,0.001717544,No
130,601I,Bushnell,No,No,No,No,Along large logging road,Mature Forest,17.68008845,-88.96344869,Dry,169.189,0,No Loss,0.926499689,0.006212615,16.4878,-1572.881642,0.000165767,0.000529833,No
131,601J,Bushnell,No,No,No,No,Along large logging road,Mature Forest,17.680309,-88.956324,Rainy,168.421,0,No Loss,0.935345069,0.006861182,18.6779,-1572.775296,1.34E-06,0.007006407,No
132,602H,Moultrycam,No,No,No,No,Along narrow logging trail,Mature Forest,17.6875399,-88.98721501,Dry,143.811,0,No Loss,0.925957547,0.005861516,19.8714,-1573.964916,0.001386625,0.008037634,No
133,602I,Moultrycam,No,No,No,No,Along large logging road,Mature Forest,17.68987695,-88.97492192,Dry,157.177,0,No Loss,0.92729411,0.006452934,23.1373,-1573.95542,0.000773958,0.001667885,No
134,602J,Moultrycam,No,No,No,No,Along large logging road,Mature Forest,17.686634,-88.976771,Rainy,162.292,0,No Loss,0.92244815,0.008295019,21.129,-1573.699583,1.36E-06,0.000361274,No
135,602K,Moultrycam,No,No,Yes,No,Along large logging road,Mature Forest,17.688397,-88.97487,Rainy,156.509,0,No Loss,0.923687587,0.006536232,24.6173,-1573.822824,1.59E-07,0.000233711,No
136,603H,Bushnell,No,No,No,No,At pond,Mature Forest,17.69361842,-88.96762035,Dry,137.524,0,No Loss,0.929441533,0.005670302,20.0956,-1574.159127,3.68E-06,0.000176231,No
137,603J,Bushnell,No,No,No,No,Along large logging road,Mature Forest,17.701081,-88.962354,Rainy,131.041,0,No Loss,0.929898556,0.005945358,19.9463,-1574.729834,1.42E-05,0.000864524,No
138,603K,Bushnell,No,No,Yes,No,Along large logging road,Mature Forest,17.689047,-88.96672,Rainy,143.737,0,No Loss,0.931406563,0.00515236,23.4705,-1573.736492,7.29E-07,0.003225264,No
139,604H,Scoutguard,No,No,No,No,Along narrow logging trail,Mature Forest,17.68560232,-88.9768733,Dry,165.494,0,No Loss,0.915778954,0.008086753,19.2975,-1573.609597,0.000740584,0.001038929,No
140,604I,Scoutguard,No,No,No,No,Along large logging road,Mature Forest,17.68592215,-88.97531893,Dry,163.306,0,No Loss,0.919214616,0.007326991,18.8409,-1573.610564,0.000194819,0.001837297,No
141,605H,Moultrycam,No,No,No,No,Along narrow logging trail,Mature Forest,17.68229176,-88.97456569,Dry,157.396,0,No Loss,0.919059241,0.007754004,22.3849,-1573.274229,0.000445351,0.004993478,No
142,605I,Moultrycam,No,No,No,No,Along narrow logging trail,Mature Forest,17.67832354,-88.9739959,Dry,153.613,0,No Loss,0.916357925,0.007545557,19,-1572.911086,0.000708975,0.007273617,No
143,605J,Moultrycam,No,No,No,No,Along large logging road,Mature Forest,17.681108,-88.974543,Rainy,158.355,0,No Loss,0.92119662,0.007372067,20.4492,-1573.168504,9.01E-06,0.005784834,No
144,605K,Moultrycam,No,No,Yes,No,Along large logging road,Mature Forest,17.68022,-88.970689,Rainy,160.524,0,No Loss,0.918567126,0.00602027,19.105,-1573.021355,8.26E-07,0.006532413,No
145,606J,Bushnell,No,No,No,No,At pond,Mature Forest,17.693543,-88.967697,Rainy,134.584,0,No Loss,0.926045667,0.006581741,17.3307,-1574.153772,2.15E-06,0.000219488,No
146,606K,Bushnell,No,No,Yes,No,Along large logging road,Mature Forest,17.682851,-88.965836,Rainy,154.629,0,No Loss,0.927072795,0.007816105,19.8527,-1573.169622,2.73E-06,0.00276148,No
147,607A,Bushnell,No,No,Yes,No,Along large logging road,Disturbed High Forest,17.49249925,-89.039095,Dry,81.0486,0,No Loss,0.924384035,0.005302397,18.441,-1557.516302,0.000998473,0.005569805,Yes
148,607C,Bushnell,No,No,Yes,No,Along large logging road,Disturbed High Forest,17.48712,-89.038928,Rainy,79.9519,0,No Loss,0.925326561,0.005552365,19.0855,-1557.034419,1.92E-07,0.007731458,Yes
149,608A,Scoutguard,No,No,Yes,No,Along narrow logging trail,Disturbed High Forest,17.48801955,-89.04604187,Dry,82.4761,0,No Loss,0.917449959,0.00506804,17.6141,-1557.238921,4.96E-05,0.011942204,Yes
150,608B,Scoutguard,No,No,Yes,No,Along large logging road,Disturbed High Forest,17.4848472,-89.05925345,Rainy,72.1076,1.2,Loss,0.924491209,0.00541077,17.5433,-1557.187439,6.20E-05,0.009559949,Yes
151,608C,Bushnell,No,No,Yes,No,Along large logging road,Disturbed High Forest,17.4853,-89.064429,Rainy,84.6736,0,No Loss,0.922306582,0.004745248,17.9431,-1557.31826,1.24E-06,0.010691193,Yes
152,609A,Bushnell,No,No,Yes,No,Along large logging road,Disturbed High Forest,17.49602925,-89.03680697,Dry,80.9928,0,No Loss,0.924250076,0.00518761,19.3256,-1557.79058,0.000547545,0.001961823,Yes
153,609B,Bushnell,No,No,Yes,No,Along large logging road,Disturbed High Forest,17.49636914,-89.03743754,Rainy,81.3894,0,No Loss,0.921027797,0.004650574,24.2332,-1557.831874,6.09E-05,0.002363817,Yes
154,609C,Bushnell,No,No,Yes,No,Along large logging road,Disturbed High Forest,17.492713,-89.03598,Rainy,79.6019,0,No Loss,0.920950562,0.005578735,22.1723,-1557.480845,2.27E-07,0.002623692,Yes
155,610A,Moultrycam,No,No,Yes,No,Along large logging road,Disturbed High Forest,17.49720225,-89.04634609,Dry,71.9091,0,No Loss,0.920765014,0.006309703,21,-1558.061927,0.000848669,0.005050111,Yes
156,610B,Moultrycam,No,No,Yes,No,Along narrow logging trail,Disturbed High Forest,17.49386216,-89.05207147,Rainy,68.8839,1.2,Loss,0.922190492,0.003988513,24.54,-1557.864663,9.46E-05,0.011634434,Yes
157,610C,Bushnell,No,No,Yes,No,Along large logging road,Disturbed High Forest,17.495315,-89.046376,Rainy,71.9824,0,No Loss,0.920474756,0.00637821,21,-1557.894398,4.32E-06,0.006348567,Yes
158,611A,Moultrycam,No,No,Yes,No,Along large logging road,Disturbed High Forest,17.49654425,-89.05228316,Dry,62.9697,0,No Loss,0.92566622,0.004644071,18.4556,-1558.107213,0.000773325,0.009722638,Yes
159,611B,Moultrycam,No,No,Yes,No,Along large logging road,Disturbed High Forest,17.49441616,-89.05382947,Rainy,64.7345,0,No Loss,0.922338223,0.004956664,27.553,-1557.944753,8.34E-07,0.012353153,Yes
160,611C,Moultrycam,No,No,Yes,No,Along large logging road,Disturbed High Forest,17.496496,-89.05149,Rainy,64.8386,0,No Loss,0.920221138,0.00517917,18.841,-1558.089039,5.77E-06,0.009309143,Yes
161,612A,Moultrycam,No,No,Yes,No,Along large logging road,Disturbed High Forest,17.48974724,-89.04046202,Dry,82.2955,0,No Loss,0.928158406,0.00296625,16.1728,-1557.295175,0.001563214,0.007957639,Yes
162,612C,Moultrycam,No,No,Yes,No,Along large logging road,Disturbed High Forest,17.486414,-89.049586,Rainy,81.9304,0.5,Loss,0.926076682,0.004805507,16.3268,-1557.157927,4.76E-06,0.014345713,Yes
163,614H,Bushnell,No,No,No,No,At pond,Mature Forest,17.69520053,-88.96751505,Dry,135.174,0,No Loss,0.92276074,0.007439,17.6979,-1574.298019,0.000526742,0.001307346,No
164,614I,Bushnell,No,No,Yes,No,Along large logging road,Mature Forest,17.70243829,-88.95593653,Dry,137.166,0,No Loss,0.92859715,0.006843087,19.6253,-1574.736977,0.000864381,0.001707891,No
165,614J,Bushnell,No,No,No,No,Along narrow logging trail,Mature Forest,17.685301,-88.967368,Rainy,149.369,0,No Loss,0.920006878,0.006823444,19.7182,-1573.414682,1.59E-05,0.004699809,No
166,604J,Bushnell,No,No,No,No,Along large logging road,Mature Forest,17.685856,-88.986114,Rainy,146.391,0,No Loss,0.917543603,0.010100126,16.4767,-1573.795598,1.54E-06,0.006333615,No
167,701A,,No,No,No,No,Along Large Logging Road,Mature Forest,17.665457,-88.966065,Dry,145.835,0,No Loss,0.92539327,0.00986704,18.1821,-1571.626196,7.49E-06,0.001837347,No
168,701B,,,No,,,,,17.665457,-88.966065,Dry,145.835,0,No Loss,0.92539327,0.00986704,18.1821,-1571.626196,7.49E-06,0.001837347,No
169,701D,,,Yes,,,,,17.67841497,-88.95777203,Dry,168.93,2.1,Loss,0.933943403,0.009222523,20.6419,-1572.632409,0.00132328,0.004816957,No
170,701E,,,Yes,,,,,17.678859,-88.954339,Dry,182.345,0,No Loss,0.927946427,0.008049299,18.7148,-1572.611217,4.75E-05,0.006433986,No
171,701F,,,Yes,,,,,17.67878,-88.954291,Dry,182.746,0,No Loss,0.928657591,0.007699804,18.5044,-1572.603341,1.77E-05,0.006394577,No
172,701G,,,Yes,,,,,17.678773,-88.9543,Dry,182.701,0,No Loss,0.928495106,0.007807226,18.5434,-1572.602877,1.32E-05,0.006383751,No
173,702A,,No,Yes,No,No,Next main road,Mature Forest,17.67625,-88.961293,Dry,176.183,2.5,Loss,0.892290694,0.067456118,8.81999,-1572.502055,1.75E-06,0.001871339,No
174,702B,,,Yes,,,,,17.67625,-88.961293,Dry,176.183,2.5,Loss,0.892290694,0.067456118,8.81999,-1572.502055,1.75E-06,0.001871339,No
175,702D,,,Yes,,,,,17.6762615,-88.9612672,Dry,176.156,2.5,Loss,0.880654298,0.078750075,8.66025,-1572.502622,1.44E-05,0.001876602,No
176,702E,,,Yes,,,,,17.671006,-88.960976,Dry,170.295,0,No Loss,0.928619105,0.007035361,19.7719,-1572.029941,3.45E-05,0.003195092,No
177,702F,,,Yes,,,,,17.671009,-88.960939,Dry,170.381,0,No Loss,0.927563025,0.007112051,19.8237,-1572.029554,3.49E-05,0.003179328,No
178,702G,,,Yes,,,,,17.670969,-88.960862,Dry,170.449,0,No Loss,0.926859683,0.00714783,19.6753,-1572.024635,2.34E-05,0.003191454,No
179,703A,,No,Yes,No,No,In secondary bush along drillplatform,Mature Forest,17.685606,-88.943455,Dry,223.154,0,No Loss,0.929804009,0.00781744,20.0242,-1573.018901,4.29E-06,0.001976519,No
180,703B,,No,Yes,No,No,Next main road,Mature Forest,17.697052,-88.937708,Dry,149.085,0,No Loss,0.932832599,0.006561072,22.684,-1573.935243,1.03E-05,0.008537946,No
181,703E,,,Yes,,,,,17.68636,-88.944435,Dry,223.154,0,No Loss,0.931118045,0.007919985,19,-1573.103297,2.86E-05,0.002072784,No
182,703F,,,Yes,,,,,17.687813,-88.985328,Dry,145.595,0,No Loss,0.920148349,0.006694089,18.351,-1573.955841,6.69E-05,0.006614764,No
183,703G,,,Yes,,,,,17.687721,-88.985195,Dry,146.069,0,No Loss,0.920575573,0.006402618,18.8198,-1573.945302,3.11E-06,0.006453462,No
184,704F,,,Yes,,,,,17.679107,-88.951758,Dry,194.358,0,No Loss,0.932115288,0.008684608,18.1855,-1572.587648,0.000140635,0.00581904,No
185,704G,,,Yes,,,,,17.687031,-88.990088,Dry,138.853,0,No Loss,0.928745811,0.006384795,19.6672,-1573.970445,6.85E-06,0.00798797,No
186,706A,,No,Yes,No,No,Near dry stream,Mature Forest,17.674513,-88.961456,Dry,175.879,0,No Loss,0.926970426,0.006950522,19.8917,-1572.350411,7.48E-06,0.000218275,No
187,706B,,,Yes,,,,,17.674513,-88.961456,Dry,175.879,0,No Loss,0.926970426,0.006950522,19.8917,-1572.350411,7.48E-06,0.000218275,No
188,706D,,,Yes,,,,,17.67458713,-88.96148144,Dry,176,0,No Loss,0.928816773,0.00684636,19.8036,-1572.357455,1.14E-05,0.000296267,No
189,706E,,,Yes,,,,,17.67456,-88.961419,Dry,175.986,0,No Loss,0.927540864,0.006368825,19.9097,-1572.353938,2.09E-05,0.000255515,No
190,707A,Bushnell,No,No,No,No,Near pond,Mature Forest,17.693507,-88.967704,Dry,134.628,0,No Loss,0.92565888,0.006695121,17.4225,-1574.150693,4.55E-06,0.00025065,No
191,707D,,,Yes,,,,,17.66861527,-88.9586725,Dry,172.513,0.6,Loss,0.910607879,0.017762806,16.7482,-1571.776559,0.001611663,0.001894145,No
192,707E,,,Yes,,,,,17.670596,-88.958141,Dry,175.3,0,No Loss,0.927579883,0.00741563,20.8449,-1571.943371,5.03E-05,0.002219806,No
193,707F,,,Yes,,,,,17.670518,-88.958148,Dry,175.246,0,No Loss,0.929173862,0.007705248,21.8538,-1571.936555,1.04E-05,0.002227649,No
194,707G,,,Yes,,,,,17.670534,-88.958203,Dry,175.143,0,No Loss,0.92953868,0.007643485,21.5567,-1571.938951,2.35E-05,0.002282473,No
195,708A,,No,No,Yes,No,Next main road,Hurricane damaged forest,17.449853,-88.957415,Dry,50.6971,0,No Loss,0.921856767,0.003980829,21.7408,-1552.293815,6.46E-07,0.007755572,Yes
196,708B,,,No,,,,,17.449853,-88.957415,Dry,50.6971,0,No Loss,0.921856767,0.003980829,21.7408,-1552.293815,6.46E-07,0.007755572,Yes
197,708D,,,Yes,,,,,17.50900867,-88.93192635,Dry,59.5649,0,No Loss,0.930444857,0.006562805,24.6968,-1557.10987,0.005466613,0.004059941,Yes
198,709A,,No,No,Yes,No,Next main road,Hurricane damaged forest,17.471496,-88.950226,Dry,42.8297,0,No Loss,0.920454978,0.003622261,18.7976,-1554.093518,1.25E-05,0.005204039,Yes
199,709B,,,No,,,,,17.471496,-88.950226,Dry,42.8297,0,No Loss,0.920454978,0.003622261,18.7976,-1554.093518,1.25E-05,0.005204039,Yes
200,709E,,,Yes,,,,,17.547492,-88.975519,Dry,104.801,0,No Loss,0.917855017,0.006126228,18.3549,-1561.297208,7.31E-06,0.006857119,Yes
201,709F,,,Yes,,,,,17.547483,-88.97553,Dry,104.873,0,No Loss,0.917736367,0.006343411,18.3682,-1561.2966,1.85E-06,0.006850962,Yes
202,709G,,,Yes,,,,,17.547483,-88.97553,Dry,104.873,0,No Loss,0.917736367,0.006343411,18.3682,-1561.2966,1.85E-06,0.006850962,Yes
203,710B,,,No,,,,,17.483782,-88.94618,Dry,123.948,0,No Loss,0.917412024,0.004160094,17.8434,-1555.115621,4.45E-06,0.004820965,Yes
204,710E,,,No,,,,,17.489127,-89.038313,Dry,79.7456,0,No Loss,0.925169841,0.00406184,20.986,-1557.202364,5.21E-06,0.006431133,Yes
205,710G,,,No,,,,,17.499964,-89.014871,Dry,66.1614,0,No Loss,0.926764916,0.004127205,17.6836,-1557.757038,3.76E-06,0.002906622,Yes
206,711A,,No,No,Yes,No,Near pond,Hurricane damaged forest,17.566096,-88.999345,Dry,145.527,0,No Loss,0.918944908,0.006608954,19.0659,-1563.371038,8.15E-06,0.00025211,Yes
207,711D,,,No,,,,,17.56614667,-88.9993461,Dry,145.527,0,No Loss,0.919437148,0.006716166,19.123,-1563.375567,1.96E-05,0.000244818,Yes
208,711E,,,No,,,,,17.565477,-88.999653,Dry,145.527,0,No Loss,0.91818243,0.007818506,19.9188,-1563.321358,1.08E-05,0.000658222,Yes
209,711F,,,No,,,,,17.565404,-88.999648,Dry,145.527,0,No Loss,0.916916132,0.007442132,19.946,-1563.314773,5.16E-06,0.000668628,Yes
210,712A,,No,Yes,Yes,No,Next main road,Hurricane damaged forest,17.51301,-88.944714,Dry,79.9788,0,No Loss,0.936979216,0.007289942,18.7352,-1557.689666,1.05E-06,0.01100963,Yes
211,712B,,,Yes,,,,,17.51301,-88.944714,Dry,79.9788,0,No Loss,0.936979216,0.007289942,18.7352,-1557.689666,1.05E-06,0.01100963,Yes
212,712D,,,Yes,,,,,17.54449496,-88.930975,Dry,NA,0,No Loss,0.918048205,0.006817301,19.4178,-1560.249043,0.015788483,0.008543012,Yes
213,712E,,,No,,,,,17.49375,-89.031492,Dry,78.3826,0,No Loss,0.925900015,0.004332913,24.6162,-1557.494663,5.77E-06,0.00180477,Yes
214,712F,,,No,,,,,17.493788,-89.031494,Dry,78.4478,0,No Loss,0.926429862,0.004104837,24.6386,-1557.498081,1.68E-05,0.001825456,Yes
215,712G,,,No,,,,,17.493727,-89.031549,Dry,78.3806,0,No Loss,0.925680826,0.004277263,24.3148,-1557.493613,4.72E-06,0.001745122,Yes
216,713A,,No,No,Yes,No,Near pond (telebasis pond),Hurricane damaged forest,17.560817,-89.002509,Dry,179.821,0,No Loss,0.915515525,0.008097188,19,-1562.956773,3.43E-06,0.000618584,Yes
217,713B,,,No,,,,,17.560817,-89.002509,Dry,179.821,0,No Loss,0.915515525,0.008097188,19,-1562.956773,3.43E-06,0.000618584,Yes
218,713D,,,No,,,,,17.56112742,-89.00236987,Dry,179.821,0,No Loss,0.914153285,0.008312137,18.773,-1562.981958,1.59E-05,0.000811361,Yes
219,713E,,,No,,,,,17.561047,-89.002346,Dry,179.821,0,No Loss,0.913151952,0.008469291,18.707,-1562.974381,2.52E-05,0.000730259,Yes
220,713F,,,No,,,,,17.561181,-89.002371,Dry,179.821,0,No Loss,0.915365668,0.007902068,18.7405,-1562.986747,7.63E-06,0.000857713,Yes
221,713G,,,No,,,,,17.561181,-89.002371,Dry,179.821,0,No Loss,0.915365668,0.007902068,18.7405,-1562.986747,7.63E-06,0.000857713,Yes
222,714A,,No,No,Yes,No,Small logging road,Hurricane damaged forest,17.519204,-88.956141,Dry,114.965,0,No Loss,0.939847002,0.007386891,17.4347,-1558.440781,9.93E-07,0.005355122,Yes
223,714B,,,No,,,,,17.519204,-88.956141,Dry,114.965,0,No Loss,0.939847002,0.007386891,17.4347,-1558.440781,9.93E-07,0.005355122,Yes
224,714D,,,Yes,,,,,17.55114399,-88.94350243,Dry,92.6809,0,No Loss,0.916827814,0.006582471,20.3645,-1561.060218,0.001623826,0.001495633,Yes
225,714F,,,Yes,,,,,17.55104,-88.966678,Dry,75.8114,0,No Loss,0.927251986,0.006777147,19.0612,-1561.457724,0.000195743,0.005037293,Yes
226,714G,,,Yes,,,,,17.551045,-88.966671,Dry,75.8403,0,No Loss,0.92725892,0.006820753,19.0229,-1561.458046,0.000193547,0.005028889,Yes
227,813A,Bushnell,NA,No,NA,NA,NA,NA,17.565386,-88.999822,Dry,145.527,0,No Loss,0.921225561,0.006748123,18.3645,-1563.316227,2.73E-06,0.000842328,Yes
228,803A,Bushnell,NA,No,NA,NA,NA,NA,17.687765,-88.985202,Dry,145.981,0,No Loss,0.920380421,0.006391153,18.8151,-1573.949341,2.91E-06,0.006486575,No
229,804A,Moultrie,NA,No,NA,NA,NA,NA,17.687019,-88.990134,Dry,138.883,0,No Loss,0.929234055,0.006040169,19.8154,-1573.970191,8.26E-06,0.00794349,No
230,814A,Bushnell,NA,No,NA,NA,NA,NA,17.546265,-88.983645,Dry,127.617,0,No Loss,0.924717927,0.005546469,19.838,-1561.330616,1.16E-07,0.00038114,Yes
231,807A,Bushnell,NA,No,NA,NA,NA,NA,17.670536,-88.958142,Dry,175.258,0,No Loss,0.928805918,0.007630659,21.7783,-1571.938051,4.81E-07,0.002221455,No
232,807B,Bushnell,NA,No,NA,NA,NA,NA,17.682487,-88.965874,Dry,155.764,0,No Loss,0.928583278,0.006972782,18.1411,-1573.13791,1.06E-05,0.002691255,No
233,803B,Bushnell,NA,No,NA,NA,NA,NA,17.687725,-88.985237,Dry,145.938,0,No Loss,0.921198838,0.006446071,18.5496,-1573.946401,3.16E-05,0.006488728,No
234,810B,Bushnell,NA,No,NA,NA,NA,NA,17.499957,-89.014831,Dry,66.2429,0,No Loss,0.92691609,0.004377909,17.6686,-1557.755715,5.01E-06,0.002923621,Yes
235,805B,Bushnell,NA,No,NA,NA,NA,NA,17.687115,-88.976046,Dry,160.39,0,No Loss,0.92188349,0.006697315,19.2053,-1573.729558,1.28E-05,0.000447363,No
236,812B,Bushnell,NA,No,NA,NA,NA,NA,17.494604,-89.010397,Dry,62.708,0,No Loss,0.925903803,0.003808046,21.4445,-1557.201647,1.13E-05,0.009688148,Yes
237,804C,Bushnell,NA,No,NA,NA,NA,NA,17.687768,-88.99012,Dry,137.605,0,No Loss,0.918864483,0.010448949,17.1516,-1574.036597,5.00E-06,0.007912972,No
238,810C,Bushnell,NA,No,NA,NA,NA,NA,17.499906,-89.01484,Dry,66.0933,0,No Loss,0.926709698,0.004194116,17.6374,-1557.751333,9.30E-06,0.002970566,Yes
239,803D,Bushnell,NA,No,NA,NA,NA,NA,17.682048,-88.944776,Dry,223.154,0,No Loss,0.936252565,0.008293778,18.9663,-1572.725799,1.76E-06,0.00118608,No
240,810D,Bushnell,NA,No,NA,NA,NA,NA,17.499305,-89.021451,Dry,61.5068,0,No Loss,0.924231476,0.004188923,22.2977,-1557.813523,4.59E-06,0.006807287,Yes
241,807D,Bushnell,NA,No,NA,NA,NA,NA,17.68354,-88.986696,Dry,147.627,0,No Loss,0.918287072,0.008500108,21.7669,-1573.599798,0.001762922,0.006529316,No
242,812E,Bushnell,NA,No,NA,NA,NA,NA,17.499978,-88.998508,Dry,102.76,0,No Loss,0.931365244,0.007408554,25.3808,-1557.471932,2.64E-05,0.003454578,Yes
243,801E,Moultrie,NA,No,NA,NA,NA,NA,17.678785,-88.95429,Dry,182.726,0,No Loss,0.928375158,0.00767777,18.522,-1572.603768,1.61E-05,0.006399287,No
244,810F,Bushnell,NA,No,NA,NA,NA,NA,17.499208,-89.021319,Dry,60.7062,0,No Loss,0.924258486,0.00386618,20.9291,-1557.802578,2.06E-06,0.006744947,Yes
245,809G,Bushnell,NA,No,NA,NA,NA,NA,17.555272,-89.016028,Dry,115.452,0,No Loss,0.91085573,0.007324754,20.7012,-1562.700584,0.000193355,0.005759162,Yes
246,814G,Bushnell,NA,No,NA,NA,NA,NA,17.566142,-88.999307,Dry,179.821,0,No Loss,0.919417637,0.006266999,17.2752,-1563.374465,4.01E-05,0.000207028,Yes
247,812A,Bushnell,NA,No,NA,NA,NA,NA,17.494554,-89.010372,Dry,62.8585,0,No Loss,0.925288999,0.003955153,20.9124,-1557.19676,1.83E-07,0.009743756,Yes
248,812C,Bushnell,NA,No,NA,NA,NA,NA,17.494583,-89.010421,Dry,62.6897,0,No Loss,0.925591082,0.003766734,21.4049,-1557.200198,3.72E-06,0.009693038,Yes
249,810G,Bushnell,NA,No,NA,NA,NA,NA,17.499279,-89.021359,Dry,56.6399,0,No Loss,0.92019333,0.003937164,13.42,-1557.809598,1.97E-06,0.006741789,Yes
250,812D,Bushnell,NA,No,NA,NA,NA,NA,17.496209,-89.014682,Dry,57.5185,0,No Loss,0.92462167,0.003553372,21.1122,-1557.41948,2.25E-06,0.00663295,Yes
251,813B,Bushnell,NA,No,NA,NA,NA,NA,17.568654,-88.988685,Dry,102.502,0,No Loss,0.927276669,0.00648309,21.1634,-1563.411417,0.000284466,0.009436115,Yes
252,811G,Bushnell,NA,No,NA,NA,NA,NA,17.567047,-88.998196,Dry,156.563,0,No Loss,0.917675777,0.006532191,22.7409,-1563.435492,3.81E-05,0.001044801,Yes
253,810E,Bushnell,NA,No,NA,NA,NA,NA,17.499297,-89.021393,Dry,61.2082,0,No Loss,0.924680784,0.00375023,22.5858,-1557.811795,8.43E-07,0.006761587,Yes
254,813G,Bushnell,NA,No,NA,NA,NA,NA,17.560818,-89.002484,Dry,170.459,0,No Loss,0.910289728,0.008604728,16.9742,-1562.956423,1.48E-05,0.000606436,Yes
255,802A,Moultrie,NA,No,NA,NA,NA,NA,17.670961,-88.960981,Dry,170.202,0,No Loss,0.929169934,0.00697516,19.4669,-1572.026026,6.93E-08,0.003238955,No
256,807E,Bushnell,NA,No,NA,NA,NA,NA,17.683543,-88.98667,Dry,147.673,0,No Loss,0.918079657,0.008515959,21.9161,-1573.599605,0.001753699,0.00650326,No
257,809F,Bushnell,NA,No,NA,NA,NA,NA,17.547912,-88.977442,Dry,112.65,0,No Loss,0.921927926,0.007500039,19.0487,-1561.368322,1.98E-05,0.004946924,Yes
258,801A,Moultrie,NA,Yes,NA,NA,NA,NA,17.678783,-88.954315,Dry,182.637,0,No Loss,0.928339296,0.007779752,18.5973,-1572.604032,1.70E-06,0.006383734,No
259,805C,Bushnell,NA,Yes,NA,NA,NA,NA,17.686371,-88.944355,Dry,223.154,0,No Loss,0.930283771,0.008649698,19.0789,-1573.102861,0.000104224,0.002117297,No
260,803C,Bushnell,NA,Yes,NA,NA,NA,NA,17.682152,-88.944742,Dry,223.154,0,No Loss,0.935467194,0.008147555,18.6917,-1572.734448,3.56E-07,0.001129206,No
261,802C,Bushnell,NA,Yes,NA,NA,NA,NA,17.691871,-88.992728,Dry,129.794,0,No Loss,0.919752607,0.007270957,19.7577,-1574.447864,5.14E-05,0.006275447,No
262,805D,Bushnell,NA,Yes,NA,NA,NA,NA,17.675982,-89.013871,Dry,138.16,0,No Loss,0.915376321,0.007612078,20.7766,-1573.407582,0.005428108,0.000548329,No
263,804D,Bushnell,NA,Yes,NA,NA,NA,NA,17.669095,-89.017401,Dry,166.148,0,No Loss,0.914329499,0.006946241,22.9627,-1572.856915,1.26E-05,0.003990107,No
264,803E,Bushnell,NA,Yes,NA,NA,NA,NA,17.686572,-88.942421,Dry,223.154,0,No Loss,0.931635263,0.006314101,19.1473,-1573.086533,0.001405127,0.003325501,No
265,805E,Bushnell,NA,Yes,NA,NA,NA,NA,17.675948,-89.013843,Dry,138.21,0,No Loss,0.915090291,0.007581529,20.6332,-1573.40406,0.005439127,0.000505721,No
266,804E,Bushnell,NA,Yes,NA,NA,NA,NA,17.669108,-89.01742,Dry,166.14,0,No Loss,0.91402196,0.006991876,22.8491,-1572.858408,2.70E-06,0.003974213,No
267,802E,Bushnell,NA,Yes,NA,NA,NA,NA,17.691818,-88.992782,Dry,129.888,0,No Loss,0.920772578,0.007898559,18.4103,-1574.444102,1.04E-05,0.006202886,No
268,804F,Bushnell,NA,Yes,NA,NA,NA,NA,17.669123,-89.017409,Dry,166.072,0,No Loss,0.913772965,0.00695774,22.5763,-1572.859549,1.38E-05,0.003961178,No
269,807F,Bushnell,NA,Yes,NA,NA,NA,NA,17.694499,-88.996769,Dry,113.33,0,No Loss,0.916525613,0.006480164,17.8485,-1574.75324,0.000629839,0.002325622,No
270,803F,Bushnell,NA,Yes,NA,NA,NA,NA,17.696446,-89.004832,Dry,101.455,0,No Loss,0.916086859,0.008335754,20.9016,-1575.069203,0.001063499,0.004171254,No
271,801F,Moultrie,NA,Yes,NA,NA,NA,NA,17.658549,-89.017011,Dry,132.03,0,No Loss,0.910681714,0.008084779,20.5132,-1571.911251,9.14E-05,0.011207408,No
272,802F,Bushnell,NA,Yes,NA,NA,NA,NA,17.691763,-88.992769,Dry,130.004,0,No Loss,0.920632675,0.008183547,19.1136,-1574.438978,6.34E-06,0.006188878,No
273,804G,Bushnell,NA,Yes,NA,NA,NA,NA,17.669075,-89.017458,Dry,170.353,0,No Loss,0.909618984,0.010578984,19.6624,-1572.856142,4.11E-05,0.004000971,No
274,805G,Bushnell,NA,Yes,NA,NA,NA,NA,17.676004,-89.013783,Dry,144.291,0,No Loss,0.921490953,0.005634276,16.9659,-1573.407984,0.005517165,0.00048989,No
275,809D,Bushnell,NA,Yes,NA,NA,NA,NA,17.547926,-88.977492,Dry,112.882,0,No Loss,0.922038907,0.007930772,19.1481,-1561.370445,7.13E-06,0.004896004,Yes
276,811B,Bushnell,NA,Yes,NA,NA,NA,NA,17.552778,-88.957274,Dry,86.9876,0,No Loss,0.922908414,0.009207908,14.5733,-1561.447282,1.35E-05,0.003998416,Yes
277,813C,Bushnell,NA,Yes,NA,NA,NA,NA,17.549915,-88.941407,Dry,99.0311,0,No Loss,0.913846891,0.010109055,24.0494,-1560.914133,0.004046689,0.003327844,Yes
278,813D,Bushnell,NA,Yes,NA,NA,NA,NA,17.549408,-88.97317,Dry,90.6047,0,No Loss,0.920836456,0.00714381,19.0119,-1561.426461,0.00058638,0.008167883,Yes
279,813E,Bushnell,NA,Yes,NA,NA,NA,NA,17.549306,-88.97315,Dry,90.6654,0,No Loss,0.922982663,0.007407672,19.0676,-1561.417035,0.000631541,0.008225159,Yes
280,814E,Bushnell,NA,Yes,NA,NA,NA,NA,17.550328,-88.966268,Dry,74.7539,0,No Loss,0.930788889,0.006284545,18.4424,-1561.387184,0.000999789,0.004848006,Yes
281,807G,Bushnell,NA,Yes,NA,NA,NA,NA,17.694486,-88.996735,Dry,124.685,0.8,Loss,0.918662176,0.007619377,17.5788,-1574.751482,0.000630819,0.002359476,No
282,803G,Bushnell,NA,Yes,NA,NA,NA,NA,17.696399,-89.004853,Dry,104.981,0,No Loss,0.917125914,0.006943073,22.9972,-1575.065392,0.001012055,0.004219787,No
283,811A,Bushnell,NA,Yes,NA,NA,NA,NA,17.552777,-88.957309,Dry,86.9653,0,No Loss,0.924089274,0.008555826,14.4226,-1561.447807,6.15E-07,0.003963946,Yes
284,809B,Bushnell,NA,Yes,NA,NA,NA,NA,17.547555,-88.975493,Dry,104.484,0,No Loss,0.916300591,0.007027092,18.3724,-1561.302357,1.29E-05,0.006854008,Yes
285,807C,Bushnell,NA,Yes,NA,NA,NA,NA,17.688001,-88.944475,Dry,223.154,0,No Loss,0.928867976,0.007768142,19.2212,-1573.249963,3.52E-05,0.003619712,No
286,809C,Bushnell,NA,Yes,NA,NA,NA,NA,17.546382,-88.973952,Dry,98.9396,0,No Loss,0.920802468,0.010028287,20.5396,-1561.17095,0.001786559,0.008751443,Yes
287,809E,Bushnell,NA,Yes,NA,NA,NA,NA,17.547912,-88.977442,Dry,112.65,0,No Loss,0.921927926,0.007500039,19.0487,-1561.368322,1.98E-05,0.004946924,Yes
288,809A,Bushnell,NA,Yes,NA,NA,NA,NA,17.547441,-88.975552,Dry,105.069,0,No Loss,0.91739036,0.006921621,18.3467,-1561.293249,4.46E-06,0.006848812,Yes
289,814B,Bushnell,NA,Yes,NA,NA,NA,NA,17.547209,-88.978978,Dry,120.357,0,No Loss,0.926347559,0.00697265,20.7981,-1561.332724,0.000105061,0.003952304,Yes
290,814C,Bushnell,NA,Yes,NA,NA,NA,NA,17.543189,-88.92663,Dry,NA,0,No Loss,0.918222445,0.008229741,19.3732,-1560.056677,0.020246404,0.008031366,Yes
291,814D,Bushnell,NA,Yes,NA,NA,NA,NA,17.550358,-88.966236,Dry,74.8414,0,No Loss,0.931037603,0.006033285,18.4129,-1561.389292,0.000983585,0.004814369,Yes
292,802G,Bushnell,NA,Yes,NA,NA,NA,NA,17.691721,-88.992762,Dry,133.828,0,No Loss,0.90816304,0.012499224,13.7846,-1574.435116,6.15E-06,0.0061759,No
293,801C,Moultrie,NA,Yes,NA,NA,NA,NA,17.678865,-88.954282,Dry,182.593,0,No Loss,0.927772015,0.007703467,18.489,-1572.610743,1.97E-05,0.006470301,No
294,811D,Bushnell,NA,Yes,NA,NA,NA,NA,17.54884,-88.970793,Dry,81.5592,0,No Loss,0.923391451,0.00687284,18.5057,-1561.334211,0.002995984,0.009492308,Yes
295,901B,Bushnell,NA,No Logging,NA,NA,NA,NA,17.636365,-89.037943,Dry,116.869,0,No Loss,0.892304136,0.009161556,17.8814,-1570.305662,0.001469817,0.011339339,No
296,901C,Bushnell,NA,Logging,NA,NA,NA,NA,17.629719,-89.017992,Dry,141.386,0,No Loss,0.908768337,0.007342483,19.7883,-1569.362185,1.62E-05,0.007326566,No
297,901D,Bushnell,NA,Logging,NA,NA,NA,NA,17.529547,-89.03012,Rainy,97.5802,0,No Loss,0.915706341,0.007816769,10.9362,-1560.657673,2.31E-06,0.006251989,Yes
298,901E,Bushnell,NA,Logging,NA,NA,NA,NA,17.532347,-89.028777,Rainy,92.3397,0,No Loss,0.907632762,0.009098204,22.6382,-1560.883411,2.14E-07,0.004949632,Yes
299,901F,Bushnell,NA,Logging,NA,NA,NA,NA,17.532501,-89.028527,Rainy,91.9234,0,No Loss,0.895455006,0.024751042,24.3061,-1560.892739,1.39E-06,0.004741642,Yes
300,901G,Bushnell,NA,Logging,NA,NA,NA,NA,17.529758,-89.030074,Rainy,96.3841,0,No Loss,0.908031776,0.008657356,17.4162,-1560.675652,3.87E-06,0.006190241,Yes
301,902C,Bushnell,NA,Logging,NA,NA,NA,NA,17.6483,-89.012274,Dry,129.934,0,No Loss,0.910900279,0.00621492,18.6315,-1570.915315,0.003205192,0.00283042,No
302,902D,Bushnell,NA,Logging,NA,NA,NA,NA,17.518843,-89.018209,Rainy,52.6626,0,No Loss,0.924407449,0.005365146,16.9955,-1559.496028,0.00048064,0.004224387,Yes
303,902E,Bushnell,NA,Logging,NA,NA,NA,NA,17.519633,-89.029463,Rainy,72.5359,0,No Loss,0.907831216,0.006754695,18.0381,-1559.763518,4.90E-06,0.001671486,Yes
304,902F,Bushnell,NA,Logging,NA,NA,NA,NA,17.534641,-89.022751,Rainy,87.1761,0,No Loss,0.813822811,0.019169006,19.0635,-1560.98198,3.72E-06,0.001040953,Yes
305,903C,Bushnell,NA,Logging,NA,NA,NA,NA,17.650774,-89.01799,Dry,133.94,0,No Loss,0.911709893,0.007091097,19,-1571.236423,1.04E-05,0.004793194,No
306,903D,Bushnell,NA,Logging,NA,NA,NA,NA,17.650773,-89.017954,Rainy,133.92,0,No Loss,0.91103826,0.007443934,19,-1571.235699,1.20E-05,0.004777888,No
307,903E,Bushnell,NA,Logging,NA,NA,NA,NA,17.650611,-89.015988,Rainy,133.975,0,No Loss,0.912127596,0.007359334,18.0833,-1571.186577,0.000547117,0.004224714,No
308,903F,Bushnell,NA,Logging,NA,NA,NA,NA,17.648808,-88.972013,Rainy,102.993,0,No Loss,0.929968792,0.00906922,20.8938,-1570.249975,0.001004448,0.001244428,No
309,903G,Bushnell,NA,Logging,NA,NA,NA,NA,17.651054,-89.016418,Rainy,134.842,0,No Loss,0.903096514,0.006795691,17.9227,-1571.233601,3.77E-05,0.004680884,No
310,904A,Bushnell,NA,No Logging,NA,NA,NA,NA,17.638936,-89.031701,Dry,164.973,0,No Loss,0.903788191,0.00732694,20.7746,-1570.424476,0.000382347,0.013667105,No
311,904B,Bushnell,NA,No Logging,NA,NA,NA,NA,17.638936,-89.031701,Dry,164.973,0,No Loss,0.903788191,0.00732694,20.7746,-1570.424476,0.000382347,0.013667105,No
312,904C,Bushnell,NA,Logging,NA,NA,NA,NA,17.631498,-89.022143,Dry,151.814,0,No Loss,0.907464488,0.009053765,19.8169,-1569.593736,1.60E-05,0.006832403,No
313,904D,Bushnell,NA,Logging,NA,NA,NA,NA,17.631468,-89.022219,Rainy,151.781,0,No Loss,0.907675519,0.008755218,18.8994,-1569.592406,2.30E-06,0.006901286,No
314,904E,Bushnell,NA,Logging,NA,NA,NA,NA,17.630369,-89.015416,Rainy,150.405,0,No Loss,0.912363178,0.007357564,17.3796,-1569.374631,0.000587033,0.007213906,No
315,904F,Bushnell,NA,Logging,NA,NA,NA,NA,17.628595,-89.013927,Rainy,147.686,0,No Loss,0.911826588,0.007157727,19.0732,-1569.190468,0.001531583,0.006501657,No
316,904G,Bushnell,NA,Logging,NA,NA,NA,NA,17.629463,-89.016937,Rainy,146.1,0,No Loss,0.911941453,0.005238311,18.9172,-1569.320797,7.30E-05,0.007374513,No
317,905A,Bushnell,NA,No Logging,NA,NA,NA,NA,17.658643,-89.013755,Dry,125.793,0,No Loss,0.90521348,0.009887018,19,-1571.862122,0.003333724,0.011750985,No
318,905B,Bushnell,NA,No Logging,NA,NA,NA,NA,17.65869,-89.013687,Dry,125.611,0,No Loss,0.906675313,0.008742037,19,-1571.865104,0.003404015,0.01166976,No
319,905C,Bushnell,NA,Logging,NA,NA,NA,NA,17.684532,-89.018499,Dry,100.555,0,No Loss,0.919297235,0.008296447,15.7248,-1574.250494,0.004542167,0.000212805,No
320,905D,Bushnell,NA,Logging,NA,NA,NA,NA,17.684914,-89.020159,Rainy,95.8736,0,No Loss,0.913079577,0.007193461,14.4549,-1574.313856,0.003127621,0.001880621,No
321,905F,Bushnell,NA,Logging,NA,NA,NA,NA,17.687044,-89.02195,Rainy,106.316,0,No Loss,0.915800169,0.006299767,15.1891,-1574.535147,0.000417228,0.003377595,No
322,905E,Bushnell,NA,Logging,NA,NA,NA,NA,17.687021,-89.021906,Rainy,106.031,0,No Loss,0.915648003,0.006593846,14.8667,-1574.532321,0.000445855,0.003370467,No
323,905G,Bushnell,NA,Logging,NA,NA,NA,NA,17.688945,-89.02252,Rainy,109.571,0,No Loss,0.912206596,0.007125203,13.6339,-1574.71446,1.15E-05,0.002696507,No
324,906A,Bushnell,NA,No Logging,NA,NA,NA,NA,17.634818,-89.034618,Dry,143.372,0,No Loss,0.878788258,0.037745545,32.5488,-1570.109284,0.001513268,0.014409411,No
325,906C,Bushnell,NA,Logging,NA,NA,NA,NA,17.655361,-88.96493,Dry,126.31,0,No Loss,0.932397344,0.007961167,19.9073,-1570.707955,2.83E-05,0.001057694,No
326,906G,Bushnell,NA,Logging,NA,NA,NA,NA,17.655458,-88.964963,Rainy,130.262,1.5,Loss,0.933369177,0.007726127,16.5551,-1570.717168,8.88E-06,0.001096556,No
327,907A,Bushnell,NA,No Logging,NA,NA,NA,NA,17.658517,-89.017097,Dry,132.721,0,No Loss,0.906992691,0.008151737,19.6613,-1571.909921,2.23E-06,0.011185331,No
328,907B,Bushnell,NA,No Logging,NA,NA,NA,NA,17.658556,-89.01708,Dry,132.668,0,No Loss,0.908326562,0.007927452,19.4841,-1571.913092,4.48E-05,0.011162627,No
329,907C,Bushnell,NA,Logging,NA,NA,NA,NA,17.688166,-89.012993,Dry,110.843,0,No Loss,0.913321168,0.009090491,14.1788,-1574.476596,0.006899481,0.004522436,No
330,907D,Bushnell,NA,Logging,NA,NA,NA,NA,17.519244,-89.022424,Rainy,56.7672,0,No Loss,0.91954437,0.00415289,21.3406,-1559.605568,6.24E-05,0.000796137,Yes
331,907E,Bushnell,NA,Logging,NA,NA,NA,NA,17.519246,-89.022441,Rainy,51.6405,0,No Loss,0.923286201,0.003418555,19.4636,-1559.606043,6.13E-05,0.000782925,Yes
332,907F,Bushnell,NA,Logging,NA,NA,NA,NA,17.519199,-89.022376,Rainy,51.6511,0,No Loss,0.923020976,0.003400454,19.2086,-1559.600721,2.49E-05,0.00086184,Yes
333,907G,Bushnell,NA,Logging,NA,NA,NA,NA,17.51917,-89.022408,Rainy,51.8988,0,No Loss,0.922835836,0.003369269,19.0884,-1559.5987,9.62E-06,0.000860613,Yes
334,908A,Bushnell,NA,No Logging,NA,NA,NA,NA,17.66854,-89.012849,Dry,167.341,0,No Loss,0.913396427,0.008944713,22.3971,-1572.727083,0.002445126,0.006266935,No
335,908B,Bushnell,NA,No Logging,NA,NA,NA,NA,17.668531,-89.012833,Dry,167.303,0,No Loss,0.913272244,0.008979791,22.3517,-1572.725999,0.00246226,0.006283878,No
336,908D,Bushnell,NA,No Logging,NA,NA,NA,NA,17.668535,-89.012784,Rainy,167.28,0,No Loss,0.912748211,0.009054526,21.8614,-1572.72549,0.002510176,0.006311051,No
337,908F,Bushnell,NA,No Logging,NA,NA,NA,NA,NA,NA,Rainy,163.492,0,No Loss,0.916432933,0.006802647,21.2734,NA,0.002467918,0.00629991,No
338,909A,Bushnell,NA,No Logging,NA,NA,NA,NA,17.635844,-89.034819,Dry,145.46,0,No Loss,0.46763954,0.063357939,101,-1570.204178,0.000813223,0.013469415,No
339,909B,Bushnell,NA,Logging,NA,NA,NA,NA,17.649035,-88.969422,Dry,94.9095,0,No Loss,0.925769056,0.006332637,18.543,-1570.224443,2.35E-05,0.003838157,No
340,909C,Bushnell,NA,Logging,NA,NA,NA,NA,17.648713,-88.971662,Dry,100.06,0,No Loss,0.925388873,0.007248721,19,-1570.235328,0.000648909,0.001594373,No
341,910A,Bushnell,NA,No Logging,NA,NA,NA,NA,17.667591,-89.014128,Dry,163.505,0,No Loss,0.843760712,0.056475283,24.469,-1572.665207,0.001719761,0.00642847,No
342,910B,Bushnell,NA,No Logging,NA,NA,NA,NA,17.6676,-89.01404,Dry,163.468,0,No Loss,0.835863974,0.058111415,22.9516,-1572.664453,0.001773569,0.006456046,No
343,910C,Bushnell,NA,No Logging,NA,NA,NA,NA,17.667611,-89.014031,Dry,163.507,0,No Loss,0.837872675,0.058351401,22.6921,-1572.665273,0.001772074,0.006449754,No
344,910D,Bushnell,NA,No Logging,NA,NA,NA,NA,17.667612,-89.01412,Rainy,163.591,0,No Loss,0.847778846,0.055303035,24.3951,-1572.666935,0.001709676,0.006412456,No
345,910E,Bushnell,NA,No Logging,NA,NA,NA,NA,17.667599,-89.014058,Rainy,167.923,0,No Loss,0.900965569,0.012945793,17.5878,-1572.664682,0.00176173,0.006449549,No
346,910G,Bushnell,NA,No Logging,NA,NA,NA,NA,17.669139,-89.017929,Rainy,166.579,0,No Loss,0.915075834,0.008584871,18.6513,-1572.870161,3.91E-06,0.003882707,No
347,911C,Bushnell,NA,Logging,NA,NA,NA,NA,17.652073,-88.963302,Dry,120.259,0,No Loss,0.932154642,0.007892289,22.9916,-1570.386701,0.001835723,0.000621488,No
348,911F,Bushnell,NA,Logging,NA,NA,NA,NA,17.652206,-88.963173,Rainy,125.424,0,No Loss,0.93303687,0.005429382,17.7653,-1570.396256,0.001895282,0.000633936,No
349,913A,Bushnell,NA,No Logging,NA,NA,NA,NA,17.565484,-88.999635,Dry,179.821,0,No Loss,0.910916814,0.00972385,19.112,-1563.321665,2.33E-05,0.000639295,Yes
350,913B,Bushnell,NA,No Logging,NA,NA,NA,NA,17.565444,-88.999551,Dry,179.821,0,No Loss,0.914683117,0.008284903,19.3071,-1563.316629,1.69E-05,0.000565207,Yes
351,02G,Bushnel,NA,Yes,NA,NA,NA,NA,17.518568,-89.02586,Rainy,65.3492,0,No Loss,0.919408809,0.003544484,17.9135,-1559.605582,1.98E-05,0.000338802,Yes
352,02F,Bushnel,NA,Yes,NA,NA,NA,NA,17.518743,-89.025299,Rainy,62.7923,0,No Loss,0.922642007,0.003750214,17.8725,-1559.611334,2.07E-05,5.81E-05,Yes
353,02E,Bushnel,NA,Yes,NA,NA,NA,NA,17.519475,-89.026982,Rainy,64.5317,0,No Loss,0.921018369,0.004827167,20.6697,-1559.705985,2.93E-07,0.000387459,Yes
354,02H,Bushnel,NA,Yes,NA,NA,NA,NA,17.518558,-89.02582,Rainy,65.2745,0,No Loss,0.919938636,0.003398652,17.7279,-1559.603991,7.25E-06,0.000326784,Yes
355,01B,Bushnel,NA,Yes,NA,NA,NA,NA,17.53528,-89.008442,Dry,87.5671,0,No Loss,0.89970058,0.007603102,17.7952,-1560.787953,2.63E-07,0.000477811,Yes
356,11D,Bushnel,NA,Yes,NA,NA,NA,NA,17.643621,-88.971426,Rainy,115.697,0,No Loss,0.933018535,0.007798278,19.1766,-1569.77812,7.74E-07,0.00518374,No
357,04C,Bushnel,NA,Yes,NA,NA,NA,NA,17.637707,-88.993427,Rainy,170.654,0,No Loss,0.913908103,0.009158225,20.035,-1569.63999,7.25E-06,0.005342755,No
358,03E,Bushnel,NA,Yes,NA,NA,NA,NA,17.527981,-89.032738,Rainy,101.356,0,No Loss,0.916720297,0.006072731,14.4285,-1560.56414,2.95E-06,0.006545436,Yes
359,13D,Bushnel,NA,Yes,NA,NA,NA,NA,17.642139,-88.980649,Rainy,146.263,0,No Loss,0.920295466,0.005671974,19,-1569.808978,2.42E-06,0.003614259,No
360,03G,Bushnel,NA,Yes,NA,NA,NA,NA,17.531539,-89.029275,Rainy,93.5247,0,No Loss,0.908700581,0.006901071,20.797,-1560.820207,5.62E-07,0.005316773,Yes
361,06C,Bushnel,NA,Yes,NA,NA,NA,NA,17.504029,-89.013555,Rainy,76.2611,0,No Loss,0.926007638,0.004713965,18.439,-1558.095848,4.82E-06,0.002259598,Yes
362,06G,Bushnel,NA,Yes,NA,NA,NA,NA,17.500181,-89.016015,Rainy,64.2427,0,No Loss,0.920689585,0.004918449,17.8843,-1557.796374,4.77E-07,0.002631056,Yes
363,04B,Bushnel,NA,Yes,NA,NA,NA,NA,17.621422,-89.001446,Dry,207.078,0,No Loss,0.915930624,0.005953846,17.9006,-1568.332039,5.78E-08,0.003104809,No
364,11C,Bushnel,NA,Yes,NA,NA,NA,NA,17.64361,-88.971406,Rainy,90.4919,0,No Loss,0.927701245,0.005615679,19.0497,-1569.776789,6.25E-06,0.005201107,No
365,13E,Bushnel,NA,Yes,NA,NA,NA,NA,17.638912,-88.986049,Rainy,164.615,0,No Loss,0.917209722,0.006864455,20.0551,-1569.617088,0.000907771,0.002194195,No
366,12E,Bushnel,NA,Yes,NA,NA,NA,NA,17.660116,-89.018925,Rainy,140.11,0,No Loss,0.76326227,0.146601279,8.2527,-1572.084542,0.000513554,0.008857902,No
367,01D,Bushnel,NA,Yes,NA,NA,NA,NA,17.527673,-89.033933,Rainy,103.436,0,No Loss,0.914388304,0.00852076,14.7728,-1560.557664,7.33E-06,0.005332652,Yes
368,01G,Bushnel,NA,Yes,NA,NA,NA,NA,17.529,-89.030236,Rainy,97.2157,0,No Loss,0.913100251,0.010768013,14.7367,-1560.611007,7.60E-07,0.0064223,Yes
369,02C,Bushnel,NA,Yes,NA,NA,NA,NA,17.518979,-89.01961,Rainy,44.9458,0,No Loss,0.923502486,0.00544184,17.0503,-1559.532678,3.25E-07,0.003070289,Yes
370,02D,Bushnel,NA,Yes,NA,NA,NA,NA,17.519479,-89.026966,Rainy,64.5022,0,No Loss,0.920993645,0.004835662,20.7604,-1559.706061,1.21E-06,0.000375065,Yes
371,03B,Bushnel,NA,Yes,NA,NA,NA,NA,17.529006,-89.030226,Dry,97.2081,0,No Loss,0.913227561,0.010543144,14.5721,-1560.611366,4.48E-06,0.006411562,Yes
372,03D,Bushnel,NA,Yes,NA,NA,NA,NA,17.52793,-89.032787,Rainy,101.532,0,No Loss,0.917115866,0.006396943,14.8112,-1560.560458,5.53E-08,0.006492468,Yes
373,11E,Bushnel,NA,Yes,NA,NA,NA,NA,17.648463,-88.970969,Rainy,119.648,0,No Loss,0.931149631,0.007553599,15.3668,-1570.200854,7.82E-05,0.002284856,No
374,01F,Bushnel,NA,Yes,NA,NA,NA,NA,17.532876,-89.027665,Rainy,90.7033,0,No Loss,0.897606473,0.010856004,23.6561,-1560.911011,5.75E-06,0.003994692,Yes
375,04D,Bushnel,NA,Yes,NA,NA,NA,NA,17.612718,-89.002998,Rainy,179.45,0,No Loss,0.909416487,0.009485105,18.9027,-1567.584705,1.45E-06,0.008610857,No
376,04E,Bushnel,NA,Yes,NA,NA,NA,NA,17.612775,-89.002991,Rainy,179.807,0,No Loss,0.908752325,0.009340043,19.51,-1567.589655,2.25E-05,0.008581574,No
377,04G,Bushnel,NA,Yes,NA,NA,NA,NA,17.614674,-89.009328,Rainy,172.814,0,No Loss,0.912804272,0.009468504,22.6676,-1567.870296,0.003184859,0.006056588,No
378,13B,Bushnel,NA,Yes,NA,NA,NA,NA,17.639221,-88.98418,Dry,165.831,0,No Loss,0.922546866,0.006703939,19.4572,-1569.611617,4.47E-06,0.000313318,No
379,13C,Bushnel,NA,Yes,NA,NA,NA,NA,17.642153,-88.980698,Rainy,146.25,0,No Loss,0.920261615,0.005849852,19,-1569.811088,3.44E-05,0.003574793,No
380,01H,Bushnel,NA,Yes,NA,NA,NA,NA,17.52885,-89.030233,Rainy,97.3459,0,No Loss,0.916401031,0.005997741,15.5702,-1560.5976,9.29E-06,0.006442001,Yes
381,02B,Bushnel,NA,Yes,NA,NA,NA,NA,17.518768,-89.025183,Dry,62.3563,0,No Loss,0.923200499,0.003471388,18.6934,-1559.611527,2.96E-06,0.000110807,Yes
382,01C,Bushnel,NA,Yes,NA,NA,NA,NA,17.535266,-89.008462,Rainy,87.5505,0,No Loss,0.89996019,0.007523528,17.619,-1560.787057,6.16E-06,0.000498719,Yes
383,03C,Bushnel,NA,Yes,NA,NA,NA,NA,17.52901,-89.030195,Rainy,97.1699,0,No Loss,0.914275808,0.008354136,13.8276,-1560.611178,1.01E-06,0.006380307,Yes
384,13F,Bushnel,NA,Yes,NA,NA,NA,NA,17.638948,-88.986102,Rainy,164.51,0,No Loss,0.916610274,0.007625731,20.3196,-1569.621226,0.000968761,0.002243331,No
385,03F,Bushnel,NA,Yes,NA,NA,NA,NA,17.531492,-89.029319,Rainy,93.62,0,No Loss,0.909218426,0.00612783,21.8859,-1560.816794,1.77E-05,0.005357531,Yes
386,11B,Bushnel,NA,Yes,NA,NA,NA,NA,17.64853,-88.970907,Dry,150.963,0,No Loss,0.918633044,0.00986838,20,-1570.205721,7.90E-08,0.002347334,No
387,04F,Bushnel,NA,Yes,NA,NA,NA,NA,17.614695,-89.009273,Rainy,173.058,0,No Loss,0.913434349,0.009482254,22.4424,-1567.871196,0.003145764,0.006028944,No
388,03H,Bushnel,NA,Yes,NA,NA,NA,NA,17.528113,-89.033738,Rainy,102.313,0,No Loss,0.915495439,0.005355882,19.588,-1560.59342,6.77E-07,0.005564371,Yes
389,06E,Bushnel,NA,Yes,NA,NA,NA,NA,17.499174,-89.020995,Rainy,148.493,0,No Loss,0.92300229,0.008279742,18.7566,-1557.793881,1.07E-05,0.006491161,Yes
390,06H,Bushnel,NA,Yes,NA,NA,NA,NA,17.499154,-89.021176,Rainy,59.9835,0,No Loss,0.923991525,0.003860117,20.0284,-1557.795268,1.61E-06,0.006653323,Yes
391,05D,Bushnel,NA,No,NA,NA,NA,NA,17.689239,-89.023768,Rainy,116.909,0,No Loss,0.910041396,0.008706208,19.3416,-1574.762709,2.18E-06,0.00277181,No
392,11A,Bushnel,NA,No,NA,NA,NA,NA,17.648577,-88.971001,Dry,150.963,0,No Loss,0.918137491,0.009507019,20,-1570.211562,1.38E-06,0.002253852,No
393,13A,Bushnel,NA,No,NA,NA,NA,NA,17.639221,-88.98418,Dry,165.831,0,No Loss,0.922546866,0.006703939,19.4572,-1569.611617,4.47E-06,0.000313318,No
394,04A,Bushnel,NA,No,NA,NA,NA,NA,17.668885,-89.015273,Dry,164.643,0,No Loss,0.912451871,0.008158013,18.0485,-1572.800622,1.05E-06,0.004757763,No
395,12B,Bushnel,NA,No,NA,NA,NA,NA,17.65165,-89.012387,Dry,145.527,0,No Loss,0.915783298,0.007857033,21.2194,-1571.215501,2.35E-06,0.006056562,No
396,12C,Bushnel,NA,No,NA,NA,NA,NA,17.658479,-89.017063,Rainy,179.821,0,No Loss,0.910700403,0.009245087,18.9951,-1571.905938,2.82E-05,0.011235861,No
397,13G,Bushnel,NA,No,NA,NA,NA,NA,17.63238,-88.994834,Rainy,186.657,0,No Loss,0.913126868,0.008905845,20.8456,-1569.190731,5.78E-06,0.006515844,No
398,01A,Bushnel,NA,No,NA,NA,NA,NA,17.519712,-89.031925,Dry,117.025,0,No Loss,0.897546314,0.00967382,17.9178,-1559.813685,6.48E-07,0.003696228,Yes
399,02A,Bushnel,NA,No,NA,NA,NA,NA,17.518753,-89.025215,Dry,62.4865,0,No Loss,0.923190384,0.003417701,18.4433,-1559.610752,4.56E-07,8.84E-05,Yes
400,03A,Bushnel,NA,No,NA,NA,NA,NA,17.528991,-89.030179,Dry,97.1782,0,No Loss,0.914917773,0.007795481,13.8385,-1560.609206,1.27E-07,0.006367138,Yes
401,06A,Bushnel,NA,No,NA,NA,NA,NA,17.496408,-89.014795,Dry,57.7702,0,No Loss,0.924688707,0.004196531,20.4971,-1557.439171,6.56E-08,0.006420824,Yes
402,05A,Bushnel,NA,No,NA,NA,NA,NA,17.68752,-89.021967,Dry,106.378,0,No Loss,0.915907714,0.006893003,15.7945,-1574.577822,3.54E-07,0.003018357,No
403,05B,Bushnel,NA,No,NA,NA,NA,NA,17.687468,-89.02198,Dry,106.49,0,No Loss,0.915656285,0.00768913,15.7877,-1574.573423,5.32E-06,0.003065853,No
404,05C,Bushnel,NA,No,NA,NA,NA,NA,17.689141,-89.023771,Rainy,116.975,0,No Loss,0.910211173,0.008468816,19.1893,-1574.754038,6.48E-05,0.002836683,No
405,12A,Bushnel,NA,No,NA,NA,NA,NA,17.628947,-89.015415,Dry,145.527,0,No Loss,0.911917378,0.010999498,21.8737,-1569.248033,3.73E-06,0.006796364,No
406,05F,Bushnel,NA,No,NA,NA,NA,NA,17.674066,-89.0183,Rainy,151.649,0,No Loss,0.917137349,0.007449876,20.9606,-1573.315309,0.000604549,0.001027249,No
407,12D,Bushnel,NA,No,NA,NA,NA,NA,17.658518,-89.017124,Rainy,132.293,0,No Loss,0.912969058,0.006997333,20.062,-1571.910486,3.56E-07,0.011169386,No
408,11F,Bushnel,NA,No,NA,NA,NA,NA,17.648562,-88.970998,Rainy,100.38,0,No Loss,0.925146778,0.005277904,18.6579,-1570.210174,9.60E-06,0.002256688,No
409,12G,Bushnel,NA,No,NA,NA,NA,NA,17.663823,-89.020105,Rainy,159.748,0,No Loss,0.913605654,0.006119886,15.2179,-1572.435378,8.00E-06,0.005123325,No
410,12F,Bushnel,NA,No,NA,NA,NA,NA,17.660044,-89.019,Rainy,139.952,0,No Loss,0.816494374,0.136002536,8.30171,-1572.079457,0.000592883,0.008883139,No
