OID_,site,Brand,Conservation,Logging,Hurricane,Fire,Location,Landscape,Lat,Long,Season,NEAR_FID_ROAD,NEAR_DIST_ROAD,NEAR_FID_STRM,NEAR_DIST_STRM,Nat_Dist
1,403A,Bushnell,Yes,No,Yes,Yes,Valley,"Broadleaf forest, broken canopy",17.413359509999999,-88.967180889999995,Dry,47,0.000589841357714,14265,0.006217960651026,Yes
2,410B,Moultry,No,No,Yes,No,Stock Transect,"Broadleaf forest, broken canopy",17.484178610000001,-89.050107490000002,Dry,7,0.002253044923366,6880,0.012803407698523,Yes
3,405B,Moultry,No,No,Yes,No,Logging Road,"Broadleaf forest, broken canopy",17.465746559999999,-89.039072259999998,Dry,29,0.008215364496682,6879,0.006699642970905,Yes
4,405C,Moultry,No,No,Yes,No,Logging Road,"Broadleaf forest, broken canopy",17.481686230000001,-89.039703000000003,Rainy,29,0.000947914694621,6879,0.004602893994702,Yes
5,409C,Moultry,No,No,Yes,no,Logging Road,"Broadleaf forest, broken canopy",17.467702220000000,-89.000919530000004,Rainy,24,0.001332697818298,6870,0.012005863371796,Yes
6,404C,Scoutguard,Yes,No,Yes,Yes,Seismic line,"Broadleaf forest, broken canopy",17.430425209999999,-88.839586569999994,Rainy,2401,0.000013646392867,16821,0.003152959461225,Yes
7,406C,Bushnell,No,No,Yes,No,Stock Transect,"Broadleaf forest, broken canopy",17.485266230000001,-89.040182009999995,Rainy,29,0.001443080297411,6879,0.008201231137212,Yes
8,403C,Bushnell,Yes,No,Yes,Yes,Valley,"Broadleaf forest, broken canopy",17.416571139999999,-88.967734109999995,Rainy,69,0.000992779108258,14265,0.003805989863108,Yes
9,412C,Scoutguard,No,No,Yes,No,Stock Transect,"Broadleaf forest, broken canopy",17.485340229999998,-89.046381089999997,Rainy,7,0.002382711834685,6879,0.011263948725049,Yes
10,413C2,Bushnell,Yes,No,Yes,Yes,Logging Road,"Broadleaf forest, broken canopy",17.422857000000000,-88.856052000000005,Rainy,29,0.005038973670509,16822,0.000809615675773,Yes
11,401C2,Moultry,Yes,No,Yes,Yes,Seismic line,Secondary Forest,17.435721999999998,-88.828540000000004,Rainy,29,0.001334224486772,16748,0.013973230686562,Yes
12,407C2,Bushnell,No,No,Yes,No,Narrow survey trail,"Broadleaf forest, broken canopy",17.490966000000000,-89.039447999999993,Rainy,1,0.000017756239400,15010,0.006504917419942,Yes
13,402C2,Bushnell,Yes,No,Yes,Yes,Logging Road,"Broadleaf forest, broken canopy",17.423953000000001,-88.846388000000005,Rainy,29,0.003649043912406,16821,0.000225200909848,Yes
14,408C2,Scoutguard,No,No,Yes,No,Logging Road,"Broadleaf forest, broken canopy",17.447098000000000,-88.960261000000003,Rainy,29,0.000014888405902,14264,0.011561731338004,Yes
15,404D,Scoutguard,Yes,No,Yes,Yes,Excavated Maya site,Secondary Forest,17.426351000000000,-88.838252999999995,Rainy,29,0.003608367539403,16821,0.004011207599315,Yes
16,402D,Bushnell,Yes,No,Yes,Yes,Logging Road,"Broadleaf forest, broken canopy",17.423953000000001,-88.846388000000005,Rainy,29,0.003649043912406,16821,0.000225200909848,Yes
17,413D,Bushnell,Yes,No,Yes,Yes,Logging Road,"Broadleaf forest, broken canopy",17.422857000000000,-88.856052000000005,Rainy,29,0.005038973670509,16822,0.000809615675773,Yes
18,405D,Moultry,No,No,Yes,No,Logging Road,"Broadleaf forest, broken canopy",17.489149000000001,-89.038284000000004,Rainy,7,0.000006571911860,15010,0.006394741444806,Yes
19,401D,Moultry,Yes,No,Yes,Yes,Seismic line,Secondary Forest,17.435721999999998,-88.828540000000004,Rainy,29,0.001334224486772,16748,0.013973230686562,Yes
20,407D,Bushnell,No,No,Yes,No,Narrow survey trail,"Broadleaf forest, broken canopy",17.490966000000000,-89.039447999999993,Rainy,1,0.000017756239400,15010,0.006504917419942,Yes
21,403D,Bushnell,Yes,No,Yes,Yes,Valley,"Broadleaf forest, broken canopy",17.414694000000001,-88.967799999999997,Rainy,3,0.000102204538688,14265,0.004818418066646,Yes
22,407E,Bushnell,No,No,Yes,No,Narrow survey trail,"Broadleaf forest, broken canopy",17.495020000000000,-89.029038000000000,Dry,7,0.000001260155939,15010,0.004537003126525,Yes
23,402E,Bushnell,No,No,Yes,No,Logging Road,"Broadleaf forest, broken canopy",17.427409000000001,-88.847532000000001,Dry,29,0.000026701996872,16821,0.003864176832608,Yes
24,404E,Scoutguard,Yes,No,Yes,Yes,Open spot in forest,Secondary Forest,17.429815999999999,-88.839145000000002,Dry,29,0.000030974866039,16821,0.003584365668657,Yes
25,407F,Bushnell,No,No,Yes,No,Logging Road,"Broadleaf forest, broken canopy",17.501598000000001,-88.995024999999998,Dry,29,0.000003529693326,20686,0.000551926481301,Yes
26,411F,Scoutguard,No,No,Yes,No,Near seasonal stream spot,"Broadleaf forest, broken canopy",17.438972000000000,-88.961219999999997,Dry,29,0.000001440603608,14264,0.019248762934838,Yes
27,404F,Scoutguard,Yes,No,Yes,Yes,Seismic line,Secondary Forest,17.429815999999999,-88.839145000000002,Dry,29,0.000030974866039,16821,0.003584365668657,Yes
28,402F,Bushnell,Yes,No,Yes,Yes,Seismic line,Secondary Forest,17.427455999999999,-88.847510000000000,Dry,29,0.000004356037297,16821,0.003902872239699,Yes
29,403F,Bushnell,No,No,Yes,No,Logging Road,"Broadleaf forest, broken canopy",17.444091000000000,-88.961319000000003,Dry,29,0.000004832829558,14264,0.014680618015848,Yes
30,412D,Scoutguard,No,No,Yes,No,Logging Road,"Broadleaf forest, broken canopy",17.476427999999999,-89.040234999999996,Rainy,29,0.000006756832120,6879,0.001846414242445,Yes
31,406A,Bushnell,No,No,Yes,No,Stock Transect,"Broadleaf forest, broken canopy",17.476532240000001,-89.040189530000006,Dry,29,0.000106949745351,6879,0.001761970976775,Yes
32,409A,Moultry,No,No,Yes,No,Stock Transect,"Broadleaf forest, broken canopy",17.483511199999999,-89.040137529999996,Dry,29,0.001806905325658,6879,0.006478730918419,Yes
33,401A,Moultry,Yes,No,Yes,Yes,Seismic line,Secondary Forest,17.425717420000002,-88.887561239999997,Dry,47,0.001441151230227,16804,0.000559307254800,Yes
34,405A,Moultry,No,No,Yes,No,Stock Transect,"Broadleaf forest, broken canopy",17.472305259999999,-89.039438540000006,Dry,29,0.001686782091364,6879,0.003715667647724,Yes
35,408B,Scoutguard,No,No,Yes,No,Stock Transect,"Broadleaf forest, broken canopy",17.493565120000000,-89.034190159999994,Dry,68,0.001043148642996,15010,0.000642668487590,Yes
36,411B,Scoutguard,No,No,Yes,No,Logging Road,"Broadleaf forest, broken canopy",17.460711820000000,-89.038167250000001,Dry,29,0.013322593713405,6874,0.005776317026893,Yes
37,412B,Scoutguard,No,No,Yes,No,Logging Road,"Broadleaf forest, broken canopy",17.462909710000002,-89.039358269999994,Dry,29,0.011021670999921,6874,0.007548788106826,Yes
38,408C,Scoutguard,No,No,Yes,No,Logging Road,"Broadleaf forest, broken canopy",17.478316220000000,-89.040248009999999,Rainy,29,0.000393708806526,6879,0.002001993522401,Yes
39,411C,Scoutguard,No,No,Yes,No,Logging Road,"Broadleaf forest, broken canopy",17.476424219999998,-89.039762999999994,Rainy,29,0.000400359251751,6879,0.001437301379837,Yes
40,410C,Moultry,No,No,Yes,no,Logging Road,"Broadleaf forest, broken canopy",17.487073250000002,-89.009580639999996,Rainy,3,0.002623691762548,16656,0.005471408229429,Yes
41,407C,Bushnell,No,No,Yes,no,Logging Road,"Broadleaf forest, broken canopy",17.466844219999999,-88.998686500000005,Rainy,2397,0.003285788248306,6870,0.009965653591248,Yes
42,405C2,Moultry,No,No,Yes,No,Logging Road,"Broadleaf forest, broken canopy",17.489149000000001,-89.038284000000004,Rainy,7,0.000006571911860,15010,0.006394741444806,Yes
43,406C2,Bushnell,No,No,Yes,No,Logging Road,"Broadleaf forest, broken canopy",17.449859000000000,-88.957325999999995,Rainy,71,0.000004003078351,14264,0.007711273098874,Yes
44,410C2,Moultry,No,No,Yes,No,Logging Road,"Broadleaf forest, broken canopy",17.439882999999998,-88.964010999999999,Rainy,28,0.000979981035485,14264,0.019672012078364,Yes
45,410D,Moultry,No,No,Yes,No,Logging Road,"Broadleaf forest, broken canopy",17.439882999999998,-88.964010999999999,Rainy,28,0.000979981035485,14264,0.019672012078364,Yes
46,409D,Moultry,No,No,Yes,No,Narrow survey trail,"Broadleaf forest, broken canopy",17.492107000000001,-89.041685000000001,Rainy,7,0.000015860178882,15010,0.006602025779193,Yes
47,403E,Bushnell,Yes,No,Yes,Yes,Seismic line,Secondary Forest,17.495469000000000,-89.003162000000003,Dry,29,0.000075530192538,16656,0.007928331841269,Yes
48,409E,Moultry,No,No,Yes,No,Narrow survey trail,"Broadleaf forest, broken canopy",17.492256000000001,-89.035663000000000,Dry,1,0.000005634093582,15010,0.002543025249569,Yes
49,405E,Moultry,No,No,Yes,No,Logging Road,"Broadleaf forest, broken canopy",17.483512999999999,-89.038526000000005,Dry,29,0.000196913260514,6879,0.006288064328538,Yes
50,405F,Moultry,No,No,Yes,No,Logging Road,"Broadleaf forest, broken canopy",17.499054999999998,-89.021034999999998,Dry,29,0.000000350339023,20687,0.006590954837995,Yes
51,413F,Scoutguard,Yes,No,Yes,Yes,Seismic line,Secondary Forest,17.436872999999999,-88.829213999999993,Dry,29,0.000001346581534,16748,0.013293193246615,Yes
52,404B,Scoutguard,Yes,No,Yes,Yes,Logging Road,Secondary Forest,17.435355120000001,-88.828232940000007,Dry,29,0.001690200421672,16748,0.014170495778511,Yes
53,409C2,Moultry,No,No,Yes,No,Narrow survey trail,"Broadleaf forest, broken canopy",17.492107000000001,-89.041685000000001,Rainy,7,0.000015860178882,15010,0.006602025779193,Yes
54,410A,Moultry,No,No,Yes,No,Stock Transect,"Broadleaf forest, broken canopy",17.483507209999999,-89.047937500000003,Dry,7,0.002985016294963,6879,0.011279386296695,Yes
55,406B,Bushnell,No,No,Yes,No,Logging Road,"Broadleaf forest, broken canopy",17.485075559999999,-89.038304249999996,Dry,29,0.000232278867745,15008,0.006545493838496,Yes
56,403B,Bushnell,Yes,No,Yes,Yes,Valley,"Broadleaf forest, broken canopy",17.414307220000001,-88.965346760000003,Dry,24,0.001703532807132,14265,0.006987502722141,Yes
57,413C,Bushnell,Yes,No,Yes,Yes,Logging Road,Secondary Forest,17.427430200000000,-88.856057770000007,Rainy,29,0.000472751559906,16822,0.003086276024205,Yes
58,407A,Bushnell,No,No,Yes,No,Stock Transect,"Broadleaf forest, broken canopy",17.483607200000002,-89.045096509999993,Dry,7,0.004430248491517,6879,0.009128705960270,Yes
59,403C2,Bushnell,Yes,No,Yes,Yes,Valley,"Broadleaf forest, broken canopy",17.414694000000001,-88.967799999999997,Rainy,3,0.000102204538688,14265,0.004818418066646,Yes
60,413E,Scoutguard,Yes,No,Yes,Yes,Seismic line,Secondary Forest,17.436875000000001,-88.829211999999998,Dry,29,0.000002740770280,16748,0.013290443711871,Yes
61,409F,Moultry,No,No,Yes,No,Logging Road,"Broadleaf forest, broken canopy",17.506591000000000,-88.974401000000000,Dry,29,0.000000728163807,20668,0.009859228770771,Yes
62,404C2,Scoutguard,Yes,No,Yes,Yes,Excavated Maya site,Secondary Forest,17.426351000000000,-88.838252999999995,Rainy,29,0.003608367539403,16821,0.004011207599315,Yes
63,408D,Scoutguard,No,No,Yes,No,Logging Road,"Broadleaf forest, broken canopy",17.447098000000000,-88.960261000000003,Rainy,29,0.000014888405902,14264,0.011561731338004,Yes
64,406D,Bushnell,No,No,Yes,No,Logging Road,"Broadleaf forest, broken canopy",17.449859000000000,-88.957325999999995,Rainy,71,0.000004003078351,14264,0.007711273098874,Yes
65,406E,Bushnell,No,No,Yes,No,Logging Road,"Broadleaf forest, broken canopy",17.495956000000000,-89.006716999999995,Dry,29,0.000006886437882,16656,0.009249968342059,Yes
66,412E,Scoutguard,No,No,Yes,No,Logging Road,"Broadleaf forest, broken canopy",17.474589999999999,-89.039829999999995,Dry,29,0.000017358710706,6879,0.002921052195803,Yes
67,407B,Bushnell,No,No,Yes,No,Stock Transect,"Broadleaf forest, broken canopy",17.484320600000000,-89.049612479999993,Dry,7,0.002045949828579,6879,0.013126072693951,Yes
68,409B,Moultry,No,No,Yes,No,Stock Transect,"Broadleaf forest, broken canopy",17.484390590000000,-89.042708340000004,Dry,29,0.004111090218123,6879,0.008274929900220,Yes
69,408E,Scoutguard,No,No,Yes,No,Near swampy spot,Low Scrub forest,17.461048999999999,-88.997370000000004,Dry,73,0.000025305045524,6870,0.004783446885587,Yes
70,401C,Moultry,Yes,No,Yes,Yes,Logging Road,Secondary Forest,17.432098220000000,-88.825094399999998,Rainy,29,0.005842859420737,16828,0.015645388487281,Yes
71,506G,Bushnell,No,Yes,No,No,Along wide logging road,Mature forest,17.684871630000000,-88.955950079999994,Dry,72,0.000855764667750,20740,0.002841914335906,No
72,510H,Moultrycam,No,Yes,Yes,No,Along wide logging road,Disturbed High forest,17.497202250000001,-89.046346090000000,Dry,2,0.000848668658672,15010,0.005050110923191,Yes
73,507H,Bushnell,No,Yes,Yes,No,Along wide logging road,Disturbed High forest,17.492499250000002,-89.039095000000003,Dry,7,0.000998472875630,15010,0.005569805075037,Yes
74,509H,Bushnell,No,Yes,Yes,No,Along wide logging road,Disturbed High forest,17.496029249999999,-89.036806970000001,Dry,1,0.000547545462653,15010,0.001961823252755,Yes
75,504C,Scoutguard,No,Yes,No,No,Along narrow seismic line,Mature forest,17.667950999999999,-88.953362999999996,Dry,69,0.004959414414368,20738,0.003007246414871,No
76,509C,Bushnell,No,Yes,Yes,No,Along narrow logging trail,Disturbed High forest,17.494012000000001,-89.070832999999993,Dry,7,0.010674655084327,15024,0.011795704299313,Yes
77,501C,Bushnell,No,Yes,No,No,Along narrow seismic line,Mature forest,17.671299999999999,-88.956622999999993,Dry,69,0.001684083018304,20738,0.000717305771227,No
78,507C,Bushnell,No,Yes,Yes,No,Along wide logging road,Disturbed High forest,17.496293999999999,-89.037508000000003,Dry,1,0.000005929415147,15010,0.002463883243221,Yes
79,504D,Scoutguard,No,Yes,No,No,Along wide logging road,Mature forest,17.684063620000000,-88.964843189999996,Rainy,21,0.000780615315967,20739,0.002108522544980,No
80,503D,Bushnell,No,Yes,No,No,Along wide logging road,Mature forest,17.703480660000000,-88.955918089999997,Rainy,6,0.001905917243834,20744,0.001249829394162,No
81,501D,Bushnell,No,Yes,No,No,Along wide logging road,Mature forest,17.701120660000001,-88.955622079999998,Rainy,6,0.000529196347500,20744,0.002906059472876,No
82,502D,Moultrycam,No,Yes,No,No,Along wide logging road,Mature forest,17.679502620000001,-88.963884170000000,Rainy,73,0.000330786089936,20739,0.000270282861171,No
83,505D,Moultrycam,No,Yes,No,No,Along narrow logging trail,Mature forest,17.688884630000000,-88.976193330000001,Rainy,6,0.001287972039549,20743,0.001196762642292,No
84,507E,Bushnell,No,Yes,Yes,No,Along wide logging road,Disturbed High forest,17.492485250000001,-89.039107999999999,Rainy,7,0.000979823366026,15010,0.005587276848236,Yes
85,510E,Moultrycam,No,Yes,Yes,No,Along wide logging road,Disturbed High forest,17.489940239999999,-89.056139200000004,Rainy,2,0.003053642322639,6880,0.015105540463976,Yes
86,504E,Scoutguard,No,Yes,No,No,Along wide logging road,Mature forest,17.682670620000000,-88.974470299999993,Rainy,6,0.000834208149836,20743,0.004814904204719,No
87,506E,Bushnell,No,Yes,No,No,Along wide logging road,Mature forest,17.682168619999999,-88.956329080000003,Rainy,73,0.000262799007139,20740,0.005480664970850,No
88,502E,Moultrycam,No,Yes,No,No,Along wide logging road,Mature forest,17.681147620000001,-88.971810270000006,Rainy,6,0.000128244106999,20743,0.007586068869200,No
89,512F,Scoutguard,No,Yes,Yes,No,Along wide logging road,Disturbed High forest,17.496403250000000,-89.055759199999997,Rainy,2,0.002683336002994,21252,0.009797502926266,Yes
90,504F,Scoutguard,No,Yes,No,No,Along wide logging road,Mature forest,17.686156619999998,-88.986316450000004,Rainy,6,0.000142861998292,20743,0.006630638901627,No
91,505F,Moultrycam,No,Yes,No,No,Along narrow logging trail,Mature forest,17.685652619999999,-88.976921329999996,Rainy,71,0.000717024641063,20743,0.000969385554945,No
92,501F,Bushnell,No,Yes,No,No,Along wide logging road,Mature forest,17.702129660000001,-88.958215109999998,Rainy,6,0.001827316046781,20744,0.000621303603271,No
93,505G,Moultrycam,No,Yes,No,No,Along narrow logging trail,Mature forest,17.684282620000001,-88.970201250000002,Dry,69,0.001092688390768,20743,0.005537171581633,No
94,503G,Bushnell,No,Yes,No,No,At Pond,Mature forest,17.695399640000002,-88.967661230000004,Dry,20,0.000291919741708,20743,0.001532468641201,No
95,503E,Bushnell,No,Yes,No,No,At Pond,Mature forest,17.695169640000000,-88.967487219999995,Rainy,20,0.000567359070827,20743,0.001271350738126,No
96,512E,Scoutguard,No,Yes,Yes,No,Along wide logging road,Disturbed High forest,17.498607249999999,-89.051449149999996,Rainy,7,0.001957298524264,15010,0.007587085997070,Yes
97,510D,Moultrycam,No,Yes,Yes,No,Along wide logging road,Disturbed High forest,17.497854250000000,-89.046507090000006,Rainy,2,0.001307168967200,15010,0.004788946615268,Yes
98,507G,Bushnell,No,Yes,Yes,No,Along wide logging road,Disturbed High forest,17.496538250000000,-89.043835060000006,Dry,2,0.002101997075305,15010,0.003691016857760,Yes
99,502G,Moultrycam,No,Yes,No,No,Along narrow logging trail,Mature forest,17.689469630000001,-88.984494429999998,Dry,6,0.000712814378731,20743,0.007167894687956,No
100,507F,Bushnell,No,Yes,Yes,No,Along wide logging road,Disturbed High forest,17.494425249999999,-89.042546040000005,Rainy,2,0.001214572318367,15010,0.004663492958563,Yes
101,511H,Moultrycam,No,Yes,Yes,No,Along wide logging road,Disturbed High forest,17.496544249999999,-89.052283160000002,Dry,7,0.000773325161415,15010,0.009722637664218,Yes
102,512C,Scoutguard,No,Yes,Yes,No,Along narrow logging trail,Disturbed High forest,17.495003000000001,-89.055536000000004,Dry,2,0.001722066138332,21252,0.011198323778797,Yes
103,508C,Scoutguard,No,Yes,Yes,No,Along narrow logging trail,Disturbed High forest,17.487131000000002,-89.068399999999997,Dry,7,0.004252638051475,6880,0.014108263712671,Yes
104,506D,Bushnell,No,Yes,No,No,Along narrow logging trail,Mature forest,17.691664639999999,-88.965465199999997,Rainy,73,0.001612102823681,20742,0.001279056945555,No
105,508D,Scoutguard,No,Yes,Yes,No,Along wide logging road,Disturbed High forest,17.492580230000002,-89.069840369999994,Rainy,7,0.008933246469817,15024,0.013464818171232,Yes
106,509D,Bushnell,No,Yes,Yes,No,Along narrow logging trail,Disturbed High forest,17.487377230000000,-89.065114309999998,Rainy,7,0.002056774934986,6880,0.012876862687899,Yes
107,507D,Bushnell,No,Yes,Yes,No,Along wide logging road,Disturbed High forest,17.494069249999999,-89.035597960000004,Rainy,7,0.001086377357946,15010,0.001736999024566,Yes
108,509E,Bushnell,No,Yes,Yes,No,Along wide logging road,Disturbed High forest,17.487183229999999,-89.060500259999998,Rainy,7,0.001782866289733,6880,0.011880171127517,Yes
109,501E,Bushnell,No,Yes,No,No,Along wide logging road,Mature forest,17.691837639999999,-88.967063220000000,Rainy,6,0.000098116209412,20743,0.002038757592738,No
110,510FG,Moultrycam,No,Yes,Yes,No,Along narrow logging trail,Disturbed High forest,17.486279230000001,-89.059003239999996,Rainy,7,0.000332070409220,6880,0.011006593286787,Yes
111,503F,Bushnell,No,Yes,No,No,At Pond,Mature forest,17.695280640000000,-88.967573220000006,Rainy,20,0.000432784990046,20743,0.001397788191167,No
112,511FG,Moultrycam,No,Yes,Yes,No,Along narrow logging trail,Disturbed High forest,17.487764230000000,-89.051933149999996,Rainy,7,0.001084955021759,6880,0.014567401317178,Yes
113,502F,Moultrycam,No,Yes,No,No,Along narrow logging trail,Mature forest,17.692056630000000,-88.986456450000006,Rainy,73,0.002826303361832,20743,0.010388132133754,No
114,509G,Bushnell,No,Yes,Yes,No,Along wide logging road,Disturbed High forest,17.488893239999999,-89.039455000000004,Dry,7,0.000802056364863,15010,0.007498469436241,Yes
115,512G,Scoutguard,No,Yes,Yes,No,Along wide logging road,Disturbed High forest,17.498361249999999,-89.051441150000002,Dry,7,0.001711193374457,15010,0.007770588006390,Yes
116,512H,Moultrycam,No,Yes,Yes,No,Along wide logging road,Disturbed High forest,17.489747240000000,-89.040462020000007,Dry,1,0.001563214012656,15010,0.007957639179050,Yes
117,508H,Scoutguard,No,Yes,Yes,No,Along wide logging road,Disturbed High forest,17.446466180000002,-88.986742350000000,Dry,29,0.002547801588758,6871,0.009327327149756,Yes
118,509F,Bushnell,No,Yes,Yes,No,Along narrow logging trail,Disturbed High forest,17.489485240000000,-89.040977020000000,Rainy,3,0.001575056657596,15010,0.008535449157544,Yes
119,511D,Moultrycam,No,Yes,Yes,No,Along wide logging road,Disturbed High forest,17.493294250000002,-89.042178039999996,Rainy,2,0.000497224968591,15010,0.005613105194241,Yes
120,505E,Moultrycam,No,Yes,No,No,Along narrow logging trail,Mature forest,17.690990630000002,-88.974981310000004,Rainy,6,0.001888504533513,20743,0.002686534499792,No
121,505C,Moultrycam,No,Yes,No,No,Along wide logging road,Mature forest,17.686443000000001,-88.986116999999993,Dry,6,0.000004671095084,20743,0.006561740503439,No
122,508E,Scoutguard,No,Yes,Yes,No,Along wide logging road,Disturbed High forest,17.488913239999999,-89.039392000000007,Rainy,7,0.000758392925378,15010,0.007434994025842,Yes
123,510C,Moultrycam,No,Yes,Yes,No,Along narrow logging trail,Disturbed High forest,17.496905000000002,-89.049508000000003,Dry,2,0.000016048521989,15010,0.007866608194183,Yes
124,502C,Moultrycam,No,Yes,No,No,Along narrow seismic line,Mature forest,17.674196999999999,-88.953727999999998,Dry,69,0.004598441054244,20738,0.003207919654964,No
125,503C,Scoutguard,Yes,No,No,No,Edge of stream,Mature Forest,17.635389000000000,-88.968907999999999,Dry,27,0.008572290521305,20702,0.000092034275474,No
126,506C,Bushnell,Yes,No,No,No,Edge of stream,Mature Forest,17.635355000000001,-88.966966999999997,Dry,27,0.009334801953081,20702,0.000017673760760,No
127,511C,Moultrycam,No,Yes,Yes,No,Along narrow logging trail,Disturbed High forest,17.493995000000002,-89.052350000000004,Dry,7,0.000001186133442,15010,0.011791281239413,Yes
128,506F,Bushnell,No,Yes,No,No,Along wide logging road,Mature forest,17.688005640000000,-88.944426940000000,Rainy,73,0.000083514774886,20720,0.003635484584564,No
129,601H,Bushnell,No,No,No,No,Along narrow logging trail,Mature Forest,17.683901509999998,-88.964479690000005,Dry,21,0.001156931881211,20739,0.001717544087643,No
130,601I,Bushnell,No,No,No,No,Along large logging road,Mature Forest,17.680088450000000,-88.963448690000007,Dry,56,0.000165767459933,20739,0.000529833334591,No
131,601J,Bushnell,No,No,No,No,Along large logging road,Mature Forest,17.680309000000001,-88.956323999999995,Rainy,6,0.000001340523169,20738,0.007006406883116,No
132,602H,Moultrycam,No,No,No,No,Along narrow logging trail,Mature Forest,17.687539900000001,-88.987215010000000,Dry,6,0.001386624632717,20743,0.008037634106063,No
133,602I,Moultrycam,No,No,No,No,Along large logging road,Mature Forest,17.689876949999999,-88.974921920000000,Dry,6,0.000773957671960,20743,0.001667884542178,No
134,602J,Moultrycam,No,No,No,No,Along large logging road,Mature Forest,17.686634000000002,-88.976770999999999,Rainy,6,0.000001360474058,20743,0.000361274096254,No
135,602K,Moultrycam,No,No,Yes,No,Along large logging road,Mature Forest,17.688396999999998,-88.974869999999996,Rainy,20,0.000000158724569,20743,0.000233711077759,No
136,603H,Bushnell,No,No,No,No,At pond,Mature Forest,17.693618420000000,-88.967620350000004,Dry,6,0.000003679171914,20743,0.000176230952446,No
137,603J,Bushnell,No,No,No,No,Along large logging road,Mature Forest,17.701080999999999,-88.962354000000005,Rainy,6,0.000014208309070,20744,0.000864524183153,No
138,603K,Bushnell,No,No,Yes,No,Along large logging road,Mature Forest,17.689046999999999,-88.966719999999995,Rainy,21,0.000000728734509,20741,0.003225263536107,No
139,604H,Scoutguard,No,No,No,No,Along narrow logging trail,Mature Forest,17.685602320000001,-88.976873299999994,Dry,71,0.000740584194957,20743,0.001038928530642,No
140,604I,Scoutguard,No,No,No,No,Along large logging road,Mature Forest,17.685922150000000,-88.975318930000000,Dry,55,0.000194819365662,20743,0.001837297481113,No
141,605H,Moultrycam,No,No,No,No,Along narrow logging trail,Mature Forest,17.682291759999998,-88.974565690000006,Dry,6,0.000445351419574,20743,0.004993478295924,No
142,605I,Moultrycam,No,No,No,No,Along narrow logging trail,Mature Forest,17.678323540000001,-88.973995900000006,Dry,6,0.000708975431692,20737,0.007273617138992,No
143,605J,Moultrycam,No,No,No,No,Along large logging road,Mature Forest,17.681107999999998,-88.974542999999997,Rainy,6,0.000009010022534,20743,0.005784834372283,No
144,605K,Moultrycam,No,No,Yes,No,Along large logging road,Mature Forest,17.680219999999998,-88.970688999999993,Rainy,20,0.000000826276195,20739,0.006532412997327,No
145,606J,Bushnell,No,No,No,No,At pond,Mature Forest,17.693542999999998,-88.967697000000001,Rainy,71,0.000002150243743,20743,0.000219487531454,No
146,606K,Bushnell,No,No,Yes,No,Along large logging road,Mature Forest,17.682850999999999,-88.965835999999996,Rainy,21,0.000002727738614,20739,0.002761479694324,No
147,607A,Bushnell,No,No,Yes,No,Along large logging road,Disturbed High Forest,17.492499250000002,-89.039095000000003,Dry,7,0.000998472875630,15010,0.005569805075037,Yes
148,607C,Bushnell,No,No,Yes,No,Along large logging road,Disturbed High Forest,17.487120000000001,-89.038927999999999,Rainy,7,0.000000191896296,15008,0.007731458382180,Yes
149,608A,Scoutguard,No,No,Yes,No,Along narrow logging trail,Disturbed High Forest,17.488019550000001,-89.046041869999996,Dry,1,0.000049576797484,15010,0.011942204161652,Yes
150,608B,Scoutguard,No,No,Yes,No,Along large logging road,Disturbed High Forest,17.484847200000001,-89.059253450000000,Rainy,2,0.000061965299465,6880,0.009559948638759,Yes
151,608C,Bushnell,No,No,Yes,No,Along large logging road,Disturbed High Forest,17.485299999999999,-89.064429000000004,Rainy,7,0.000001241172772,6880,0.010691193119203,Yes
152,609A,Bushnell,No,No,Yes,No,Along large logging road,Disturbed High Forest,17.496029249999999,-89.036806970000001,Dry,1,0.000547545462653,15010,0.001961823252755,Yes
153,609B,Bushnell,No,No,Yes,No,Along large logging road,Disturbed High Forest,17.496369139999999,-89.037437539999999,Rainy,1,0.000060879128776,15010,0.002363817358928,Yes
154,609C,Bushnell,No,No,Yes,No,Along large logging road,Disturbed High Forest,17.492712999999998,-89.035979999999995,Rainy,7,0.000000226566297,15010,0.002623691617316,Yes
155,610A,Moultrycam,No,No,Yes,No,Along large logging road,Disturbed High Forest,17.497202250000001,-89.046346090000000,Dry,2,0.000848668658672,15010,0.005050110923191,Yes
156,610B,Moultrycam,No,No,Yes,No,Along narrow logging trail,Disturbed High Forest,17.493862159999999,-89.052071470000001,Rainy,2,0.000094571530694,15010,0.011634434391243,Yes
157,610C,Bushnell,No,No,Yes,No,Along large logging road,Disturbed High Forest,17.495315000000002,-89.046375999999995,Rainy,7,0.000004318541553,15010,0.006348566923381,Yes
158,611A,Moultrycam,No,No,Yes,No,Along large logging road,Disturbed High Forest,17.496544249999999,-89.052283160000002,Dry,7,0.000773325161415,15010,0.009722637664218,Yes
159,611B,Moultrycam,No,No,Yes,No,Along large logging road,Disturbed High Forest,17.494416160000000,-89.053829469999997,Rainy,2,0.000000833839811,15010,0.012353153260922,Yes
160,611C,Moultrycam,No,No,Yes,No,Along large logging road,Disturbed High Forest,17.496496000000000,-89.051490000000001,Rainy,7,0.000005774097584,15010,0.009309143200101,Yes
161,612A,Moultrycam,No,No,Yes,No,Along large logging road,Disturbed High Forest,17.489747240000000,-89.040462020000007,Dry,1,0.001563214012656,15010,0.007957639179050,Yes
162,612C,Moultrycam,No,No,Yes,No,Along large logging road,Disturbed High Forest,17.486414000000000,-89.049586000000005,Rainy,7,0.000004756967819,6879,0.014345712609472,Yes
163,614H,Bushnell,No,No,No,No,At pond,Mature Forest,17.695200530000001,-88.967515050000003,Dry,20,0.000526741654512,20743,0.001307345993066,No
164,614I,Bushnell,No,No,Yes,No,Along large logging road,Mature Forest,17.702438290000000,-88.955936530000002,Dry,6,0.000864381281778,20744,0.001707890575632,No
165,614J,Bushnell,No,No,No,No,Along narrow logging trail,Mature Forest,17.685300999999999,-88.967367999999993,Rainy,6,0.000015922669723,20739,0.004699809087804,No
166,604J,Bushnell,No,No,No,No,Along large logging road,Mature Forest,17.685856000000001,-88.986114000000001,Rainy,6,0.000001538252938,20743,0.006333615325530,No
167,701A,,No,Yes,No,No,Along Large Logging Road,Mature Forest,17.665457000000000,-88.966065000000000,Dry,72,0.000007490173237,20731,0.001837346605774,No
168,701B,,,,,,,,17.665457000000000,-88.966065000000000,Dry,72,0.000007490173237,20731,0.001837346605774,No
169,701D,,,,,,,,17.678414969999999,-88.957772030000001,Dry,73,0.001323280032514,20738,0.004816957450568,No
170,701E,,,,,,,,17.678858999999999,-88.954339000000004,Dry,69,0.000047472343634,20738,0.006433985749936,No
171,701F,,,,,,,,17.678780000000000,-88.954290999999998,Dry,69,0.000017694166069,20738,0.006394577497989,No
172,701G,,,,,,,,17.678773000000000,-88.954300000000003,Dry,69,0.000013222403252,20738,0.006383751359078,No
173,702A,,No,Yes,No,No,Next main road,Mature Forest,17.676250000000000,-88.961292999999998,Dry,73,0.000001752967226,20738,0.001871338566560,No
174,702B,,,,,,,,17.676250000000000,-88.961292999999998,Dry,73,0.000001752967226,20738,0.001871338566560,No
175,702D,,,,,,,,17.676261499999999,-88.961267199999995,Dry,27,0.000014387864115,20738,0.001876602312526,No
176,702E,,,,,,,,17.671005999999998,-88.960976000000002,Dry,69,0.000034526298992,20738,0.003195091695061,No
177,702F,,,,,,,,17.671009000000002,-88.960938999999996,Dry,69,0.000034882238597,20738,0.003179327692763,No
178,702G,,,,,,,,17.670968999999999,-88.960862000000006,Dry,69,0.000023415837330,20738,0.003191453520076,No
179,703A,,No,Yes,No,No,In secondary bush along drillplatform,Mature Forest,17.685606000000000,-88.943455000000000,Dry,71,0.000004291041230,20720,0.001976518565617,No
180,703B,,No,Yes,No,No,Next main road,Mature Forest,17.697051999999999,-88.937708000000001,Dry,73,0.000010309681640,20745,0.008537946159230,No
181,703E,,,,,,,,17.686360000000001,-88.944434999999999,Dry,73,0.000028577511097,20720,0.002072783676752,No
182,703F,,,,,,,,17.687812999999998,-88.985327999999996,Dry,6,0.000066888326853,20743,0.006614764348039,No
183,703G,,,,,,,,17.687721000000000,-88.985195000000004,Dry,6,0.000003108433745,20743,0.006453461626722,No
184,704F,,,,,,,,17.679106999999998,-88.951757999999998,Dry,21,0.000140634789664,20722,0.005819040008396,No
185,704G,,,,,,,,17.687031000000001,-88.990088000000000,Dry,69,0.000006847609367,21265,0.007987969966248,No
186,706A,,No,Yes,No,No,Near dry stream,Mature Forest,17.674513000000001,-88.961455999999998,Dry,69,0.000007476063741,20738,0.000218274736494,No
187,706B,,,,,,,,17.674513000000001,-88.961455999999998,Dry,69,0.000007476063741,20738,0.000218274736494,No
188,706D,,,,,,,,17.674587129999999,-88.961481440000000,Dry,69,0.000011418339194,20738,0.000296266874621,No
189,706E,,,,,,,,17.674560000000000,-88.961419000000006,Dry,69,0.000020925675247,20738,0.000255514907594,No
190,707A,Bushnell,No,Yes,No,No,Near pond,Mature Forest,17.693507000000000,-88.967703999999998,Dry,71,0.000004552614711,20743,0.000250649807144,No
191,707D,,,,,,,,17.668615270000000,-88.958672500000006,Dry,69,0.001611663089824,20738,0.001894144778030,No
192,707E,,,,,,,,17.670596000000000,-88.958140999999998,Dry,69,0.000050285652925,20738,0.002219805832995,No
193,707F,,,,,,,,17.670518000000001,-88.958147999999994,Dry,69,0.000010421946177,20738,0.002227648794816,No
194,707G,,,,,,,,17.670534000000000,-88.958202999999997,Dry,69,0.000023538549635,20738,0.002282472580550,No
195,708A,,No,Yes,Yes,No,Next main road,Hurricane damaged forest,17.449853000000001,-88.957414999999997,Dry,71,0.000000645726126,14264,0.007755572084822,Yes
196,708B,,,,,,,,17.449853000000001,-88.957414999999997,Dry,71,0.000000645726126,14264,0.007755572084822,Yes
197,708D,,,,,,,,17.509008670000000,-88.931926349999998,Dry,73,0.005466612982380,14263,0.004059940552455,Yes
198,709A,,No,Yes,Yes,No,Next main road,Hurricane damaged forest,17.471495999999998,-88.950226000000001,Dry,71,0.000012545307578,14261,0.005204039285492,Yes
199,709B,,,,,,,,17.471495999999998,-88.950226000000001,Dry,71,0.000012545307578,14261,0.005204039285492,Yes
200,709E,,,,,,,,17.547491999999998,-88.975519000000006,Dry,69,0.000007310545100,20674,0.006857118605812,Yes
201,709F,,,,,,,,17.547483000000000,-88.975530000000006,Dry,69,0.000001853040284,20674,0.006850962127968,Yes
202,709G,,,,,,,,17.547483000000000,-88.975530000000006,Dry,69,0.000001853040284,20674,0.006850962127968,Yes
203,710B,,,,,,,,17.483782000000001,-88.946179999999998,Dry,71,0.000004448698448,14264,0.004820964954105,Yes
204,710E,,,,,,,,17.489127000000000,-89.038313000000002,Dry,29,0.000005209493412,15010,0.006431133434463,Yes
205,710G,,,,,,,,17.499963999999999,-89.014870999999999,Dry,56,0.000003761039667,20687,0.002906622452341,Yes
206,711A,,No,Yes,Yes,No,Near pond,Hurricane damaged forest,17.566096000000002,-88.999345000000005,Dry,71,0.000008145192580,20697,0.000252109614168,Yes
207,711D,,,,,,,,17.566146669999998,-88.999346099999997,Dry,71,0.000019592292635,20697,0.000244817760606,Yes
208,711E,,,,,,,,17.565477000000001,-88.999652999999995,Dry,69,0.000010779628743,20697,0.000658221739351,Yes
209,711F,,,,,,,,17.565404000000001,-88.999647999999993,Dry,69,0.000005161205750,20697,0.000668628232072,Yes
210,712A,,No,Yes,Yes,No,Next main road,Hurricane damaged forest,17.513010000000001,-88.944714000000005,Dry,71,0.000001051753315,14263,0.011009630120536,Yes
211,712B,,,,,,,,17.513010000000001,-88.944714000000005,Dry,71,0.000001051753315,14263,0.011009630120536,Yes
212,712D,,,,,,,,17.544494960000002,-88.930975000000004,Dry,73,0.015788483284986,14263,0.008543011569853,Yes
213,712E,,,,,,,,17.493749999999999,-89.031492000000000,Dry,68,0.000005774021773,15010,0.001804770405217,Yes
214,712F,,,,,,,,17.493787999999999,-89.031493999999995,Dry,68,0.000016750795206,15010,0.001825455961557,Yes
215,712G,,,,,,,,17.493727000000000,-89.031548999999998,Dry,68,0.000004720099967,15010,0.001745122360193,Yes
216,713A,,No,Yes,Yes,No,Near pond (telebasis pond),Hurricane damaged forest,17.560817000000000,-89.002509000000003,Dry,71,0.000003431754368,20696,0.000618584018685,Yes
217,713B,,,,,,,,17.560817000000000,-89.002509000000003,Dry,71,0.000003431754368,20696,0.000618584018685,Yes
218,713D,,,,,,,,17.561127419999998,-89.002369869999995,Dry,27,0.000015889549303,20696,0.000811361348867,Yes
219,713E,,,,,,,,17.561046999999999,-89.002346000000003,Dry,27,0.000025187769869,20696,0.000730258837633,Yes
220,713F,,,,,,,,17.561181000000001,-89.002370999999997,Dry,71,0.000007628909204,20696,0.000857712743158,Yes
221,713G,,,,,,,,17.561181000000001,-89.002370999999997,Dry,71,0.000007628909204,20696,0.000857712743158,Yes
222,714A,,No,Yes,Yes,No,Small logging road,Hurricane damaged forest,17.519203999999998,-88.956141000000002,Dry,71,0.000000993472808,20668,0.005355121838405,Yes
223,714B,,,,,,,,17.519203999999998,-88.956141000000002,Dry,71,0.000000993472808,20668,0.005355121838405,Yes
224,714D,,,,,,,,17.551143990000000,-88.943502429999995,Dry,73,0.001623826126770,21244,0.001495632526287,Yes
225,714F,,,,,,,,17.551040000000000,-88.966678000000002,Dry,69,0.000195742778567,20668,0.005037293007419,Yes
226,714G,,,,,,,,17.551044999999998,-88.966671000000005,Dry,69,0.000193547184654,20668,0.005028889374250,Yes
227,813A,Bushnell,NA,No,NA,NA,NA,NA,17.565386000000000,-88.999821999999995,Dry,69,0.000002725276604,20697,0.000842327721589,Yes
228,803A,Bushnell,NA,No,NA,NA,NA,NA,17.687764999999999,-88.985202000000001,Dry,69,0.000002911697334,20743,0.006486574799798,No
229,804A,Moultrie,NA,No,NA,NA,NA,NA,17.687018999999999,-88.990133999999998,Dry,69,0.000008259015009,21265,0.007943490413460,No
230,814A,Bushnell,NA,No,NA,NA,NA,NA,17.546264999999998,-88.983644999999996,Dry,69,0.000000116068189,20674,0.000381140398490,Yes
231,807A,Bushnell,NA,No,NA,NA,NA,NA,17.670535999999998,-88.958141999999995,Dry,69,0.000000481202226,20738,0.002221454521475,No
232,807B,Bushnell,NA,No,NA,NA,NA,NA,17.682486999999998,-88.965873999999999,Dry,73,0.000010643605693,20739,0.002691255315339,No
233,803B,Bushnell,NA,No,NA,NA,NA,NA,17.687725000000000,-88.985236999999998,Dry,20,0.000031645713862,20743,0.006488727503583,No
234,810B,Bushnell,NA,No,NA,NA,NA,NA,17.499956999999998,-89.014831000000001,Dry,55,0.000005009943615,20687,0.002923620964489,Yes
235,805B,Bushnell,NA,No,NA,NA,NA,NA,17.687114999999999,-88.976045999999997,Dry,6,0.000012825391796,20743,0.000447362997201,No
236,812B,Bushnell,NA,No,NA,NA,NA,NA,17.494603999999999,-89.010396999999998,Dry,29,0.000011306432605,20687,0.009688148185546,Yes
237,804C,Bushnell,NA,No,NA,NA,NA,NA,17.687767999999998,-88.990120000000005,Dry,69,0.000005001432562,21265,0.007912972083514,No
238,810C,Bushnell,NA,No,NA,NA,NA,NA,17.499905999999999,-89.014840000000007,Dry,56,0.000009302975984,20687,0.002970565822384,Yes
239,803D,Bushnell,NA,No,NA,NA,NA,NA,17.682048000000002,-88.944776000000005,Dry,71,0.000001760038676,20720,0.001186079853372,No
240,810D,Bushnell,NA,No,NA,NA,NA,NA,17.499305000000000,-89.021450999999999,Dry,55,0.000004593126625,20687,0.006807286833009,Yes
241,807D,Bushnell,NA,No,NA,NA,NA,NA,17.683540000000001,-88.986695999999995,Dry,6,0.001762921576110,20743,0.006529315955579,No
242,812E,Bushnell,NA,No,NA,NA,NA,NA,17.499977999999999,-88.998508000000001,Dry,29,0.000026406381546,20686,0.003454578422597,Yes
243,801E,Moultrie,NA,No,NA,NA,NA,NA,17.678785000000001,-88.954290000000000,Dry,69,0.000016141890361,20738,0.006399287057358,No
244,810F,Bushnell,NA,No,NA,NA,NA,NA,17.499207999999999,-89.021319000000005,Dry,22,0.000002064647240,20687,0.006744947354325,Yes
245,809G,Bushnell,NA,No,NA,NA,NA,NA,17.555271999999999,-89.016028000000006,Dry,27,0.000193355410595,20696,0.005759162436015,Yes
246,814G,Bushnell,NA,No,NA,NA,NA,NA,17.566141999999999,-88.999307000000002,Dry,71,0.000040076805403,20697,0.000207027811478,Yes
247,812A,Bushnell,NA,No,NA,NA,NA,NA,17.494554000000001,-89.010372000000004,Dry,68,0.000000182947317,20687,0.009743756016447,Yes
248,812C,Bushnell,NA,No,NA,NA,NA,NA,17.494582999999999,-89.010420999999994,Dry,29,0.000003716541562,20687,0.009693037779790,Yes
249,810G,Bushnell,NA,No,NA,NA,NA,NA,17.499279000000001,-89.021359000000004,Dry,68,0.000001972671611,20687,0.006741789128152,Yes
250,812D,Bushnell,NA,No,NA,NA,NA,NA,17.496209000000000,-89.014681999999993,Dry,68,0.000002248709250,20687,0.006632949569992,Yes
251,813B,Bushnell,NA,No,NA,NA,NA,NA,17.568653999999999,-88.988685000000004,Dry,71,0.000284466351072,20683,0.009436114752494,Yes
252,811G,Bushnell,NA,No,NA,NA,NA,NA,17.567046999999999,-88.998195999999993,Dry,69,0.000038067304767,20697,0.001044801229704,Yes
253,810E,Bushnell,NA,No,NA,NA,NA,NA,17.499296999999999,-89.021393000000003,Dry,24,0.000000843406378,20687,0.006761586736106,Yes
254,813G,Bushnell,NA,No,NA,NA,NA,NA,17.560818000000001,-89.002483999999995,Dry,71,0.000014808164526,20696,0.000606436205684,Yes
255,802A,Moultrie,NA,No,NA,NA,NA,NA,17.670960999999998,-88.960981000000004,Dry,69,0.000000069328288,20738,0.003238955007396,No
256,807E,Bushnell,NA,No,NA,NA,NA,NA,17.683543000000000,-88.986670000000004,Dry,6,0.001753698670061,20743,0.006503260276867,No
257,809F,Bushnell,NA,No,NA,NA,NA,NA,17.547912000000000,-88.977441999999996,Dry,73,0.000019844955700,20674,0.004946924217562,Yes
258,801A,Moultrie,NA,Yes,NA,NA,NA,NA,17.678782999999999,-88.954314999999994,Dry,69,0.000001701831434,20738,0.006383734249094,No
259,805C,Bushnell,NA,Yes,NA,NA,NA,NA,17.686371000000001,-88.944355000000002,Dry,73,0.000104224360800,20720,0.002117296524856,No
260,803C,Bushnell,NA,Yes,NA,NA,NA,NA,17.682151999999999,-88.944742000000005,Dry,73,0.000000355925408,20720,0.001129205907448,No
261,802C,Bushnell,NA,Yes,NA,NA,NA,NA,17.691870999999999,-88.992728000000000,Dry,56,0.000051414832128,21265,0.006275447324407,No
262,805D,Bushnell,NA,Yes,NA,NA,NA,NA,17.675982000000001,-89.013870999999995,Dry,2381,0.005428107883585,21276,0.000548329306950,No
263,804D,Bushnell,NA,Yes,NA,NA,NA,NA,17.669094999999999,-89.017401000000007,Dry,56,0.000012620900803,21276,0.003990106882940,No
264,803E,Bushnell,NA,Yes,NA,NA,NA,NA,17.686572000000002,-88.942420999999996,Dry,71,0.001405127237316,20720,0.003325501304969,No
265,805E,Bushnell,NA,Yes,NA,NA,NA,NA,17.675948000000002,-89.013842999999994,Dry,2381,0.005439126943519,21276,0.000505720505126,No
266,804E,Bushnell,NA,Yes,NA,NA,NA,NA,17.669108000000001,-89.017420000000001,Dry,56,0.000002696325789,21276,0.003974213060624,No
267,802E,Bushnell,NA,Yes,NA,NA,NA,NA,17.691818000000001,-88.992782000000005,Dry,56,0.000010369642655,21265,0.006202885739469,No
268,804F,Bushnell,NA,Yes,NA,NA,NA,NA,17.669122999999999,-89.017409000000001,Dry,56,0.000013816406923,21276,0.003961177655534,No
269,807F,Bushnell,NA,Yes,NA,NA,NA,NA,17.694499000000000,-88.996769000000000,Dry,69,0.000629838589384,21265,0.002325621656114,No
270,803F,Bushnell,NA,Yes,NA,NA,NA,NA,17.696446000000002,-89.004831999999993,Dry,6,0.001063498865834,21265,0.004171253797069,No
271,801F,Moultrie,NA,Yes,NA,NA,NA,NA,17.658549000000001,-89.017010999999997,Dry,27,0.000091430860736,21276,0.011207407595147,No
272,802F,Bushnell,NA,Yes,NA,NA,NA,NA,17.691763000000002,-88.992768999999996,Dry,56,0.000006337322761,21265,0.006188877925116,No
273,804G,Bushnell,NA,Yes,NA,NA,NA,NA,17.669074999999999,-89.017458000000005,Dry,56,0.000041145826530,21276,0.004000971389270,No
274,805G,Bushnell,NA,Yes,NA,NA,NA,NA,17.676003999999999,-89.013783000000004,Dry,2381,0.005517165204354,21276,0.000489889618337,No
275,809D,Bushnell,NA,Yes,NA,NA,NA,NA,17.547926000000000,-88.977491999999998,Dry,69,0.000007132189413,20674,0.004896004001096,Yes
276,811B,Bushnell,NA,Yes,NA,NA,NA,NA,17.552778000000000,-88.957273999999998,Dry,69,0.000013496984042,20668,0.003998415605595,Yes
277,813C,Bushnell,NA,Yes,NA,NA,NA,NA,17.549914999999999,-88.941406999999998,Dry,73,0.004046689279823,21244,0.003327843671384,Yes
278,813D,Bushnell,NA,Yes,NA,NA,NA,NA,17.549408000000000,-88.973169999999996,Dry,69,0.000586379911932,20674,0.008167883244205,Yes
279,813E,Bushnell,NA,Yes,NA,NA,NA,NA,17.549306000000001,-88.973150000000004,Dry,73,0.000631540990099,20674,0.008225159299373,Yes
280,814E,Bushnell,NA,Yes,NA,NA,NA,NA,17.550328000000000,-88.966267999999999,Dry,69,0.000999789258923,20668,0.004848005972897,Yes
281,807G,Bushnell,NA,Yes,NA,NA,NA,NA,17.694486000000001,-88.996735000000001,Dry,69,0.000630819245340,21265,0.002359475701602,No
282,803G,Bushnell,NA,Yes,NA,NA,NA,NA,17.696399000000000,-89.004852999999997,Dry,6,0.001012054782803,21265,0.004219787302311,No
283,811A,Bushnell,NA,Yes,NA,NA,NA,NA,17.552776999999999,-88.957308999999995,Dry,69,0.000000615194629,20668,0.003963945910489,Yes
284,809B,Bushnell,NA,Yes,NA,NA,NA,NA,17.547554999999999,-88.975493000000000,Dry,69,0.000012916118331,20674,0.006854007989548,Yes
285,807C,Bushnell,NA,Yes,NA,NA,NA,NA,17.688001000000000,-88.944474999999997,Dry,73,0.000035246997540,20720,0.003619712225911,No
286,809C,Bushnell,NA,Yes,NA,NA,NA,NA,17.546382000000001,-88.973951999999997,Dry,69,0.001786559375603,20674,0.008751443228772,Yes
287,809E,Bushnell,NA,Yes,NA,NA,NA,NA,17.547912000000000,-88.977441999999996,Dry,73,0.000019844955700,20674,0.004946924217562,Yes
288,809A,Bushnell,NA,Yes,NA,NA,NA,NA,17.547440999999999,-88.975551999999993,Dry,69,0.000004457598404,20674,0.006848811581563,Yes
289,814B,Bushnell,NA,Yes,NA,NA,NA,NA,17.547208999999999,-88.978977999999998,Dry,71,0.000105060967750,20674,0.003952303773056,Yes
290,814C,Bushnell,NA,Yes,NA,NA,NA,NA,17.543189000000002,-88.926630000000003,Dry,73,0.020246403827256,14263,0.008031366090732,Yes
291,814D,Bushnell,NA,Yes,NA,NA,NA,NA,17.550357999999999,-88.966235999999995,Dry,69,0.000983585130234,20668,0.004814369392251,Yes
292,802G,Bushnell,NA,Yes,NA,NA,NA,NA,17.691721000000001,-88.992761999999999,Dry,56,0.000006147655739,21265,0.006175899889255,No
293,801C,Moultrie,NA,Yes,NA,NA,NA,NA,17.678864999999998,-88.954282000000006,Dry,69,0.000019723830077,20738,0.006470300818964,No
294,811D,Bushnell,NA,Yes,NA,NA,NA,NA,17.548839999999998,-88.970793000000000,Dry,73,0.002995984122942,20668,0.009492308450555,Yes
295,901B,Bushnell,NA,No Logging,NA,NA,NA,NA,17.636365000000001,-89.037942999999999,Dry,2479,0.001469816546333,20797,0.011339339193865,No
296,901C,Bushnell,NA,Logging,NA,NA,NA,NA,17.629719000000001,-89.017992000000007,Dry,56,0.000016157267313,21258,0.007326565594922,No
297,901D,Bushnell,NA,Logging,NA,NA,NA,NA,17.529547000000001,-89.030119999999997,Rainy,46,0.000002312026688,20694,0.006251988916772,Yes
298,901E,Bushnell,NA,Logging,NA,NA,NA,NA,17.532347000000001,-89.028777000000005,Rainy,28,0.000000213742025,20694,0.004949632267875,Yes
299,901F,Bushnell,NA,Logging,NA,NA,NA,NA,17.532501000000000,-89.028526999999997,Rainy,24,0.000001393029464,20694,0.004741642140943,Yes
300,901G,Bushnell,NA,Logging,NA,NA,NA,NA,17.529758000000001,-89.030073999999999,Rainy,55,0.000003871766480,20694,0.006190240672722,Yes
301,902C,Bushnell,NA,Logging,NA,NA,NA,NA,17.648299999999999,-89.012274000000005,Dry,55,0.003205192172781,21259,0.002830419523205,No
302,902D,Bushnell,NA,Logging,NA,NA,NA,NA,17.518843000000000,-89.018208999999999,Rainy,22,0.000480640129714,20689,0.004224387413015,Yes
303,902E,Bushnell,NA,Logging,NA,NA,NA,NA,17.519632999999999,-89.029463000000007,Rainy,55,0.000004901720954,20689,0.001671486360906,Yes
304,902F,Bushnell,NA,Logging,NA,NA,NA,NA,17.534641000000001,-89.022751000000000,Rainy,55,0.000003720412294,20694,0.001040952943725,Yes
305,903C,Bushnell,NA,Logging,NA,NA,NA,NA,17.650773999999998,-89.017989999999998,Dry,55,0.000010359709784,21259,0.004793193956359,No
306,903D,Bushnell,NA,Logging,NA,NA,NA,NA,17.650773000000001,-89.017954000000003,Rainy,55,0.000012018454045,21259,0.004777888063472,No
307,903E,Bushnell,NA,Logging,NA,NA,NA,NA,17.650611000000001,-89.015987999999993,Rainy,55,0.000547117229283,21259,0.004224713893539,No
308,903F,Bushnell,NA,Logging,NA,NA,NA,NA,17.648807999999999,-88.972013000000004,Rainy,57,0.001004448473023,20728,0.001244428280769,No
309,903G,Bushnell,NA,Logging,NA,NA,NA,NA,17.651053999999998,-89.016418000000002,Rainy,55,0.000037704010147,21259,0.004680884402862,No
310,904A,Bushnell,NA,No Logging,NA,NA,NA,NA,17.638936000000001,-89.031700999999998,Dry,2479,0.000382347082030,20797,0.013667105292892,No
311,904B,Bushnell,NA,No Logging,NA,NA,NA,NA,17.638936000000001,-89.031700999999998,Dry,2479,0.000382347082030,20797,0.013667105292892,No
312,904C,Bushnell,NA,Logging,NA,NA,NA,NA,17.631498000000001,-89.022143000000000,Dry,56,0.000016039144906,21258,0.006832403208874,No
313,904D,Bushnell,NA,Logging,NA,NA,NA,NA,17.631468000000002,-89.022219000000007,Rainy,56,0.000002298220877,21258,0.006901285754752,No
314,904E,Bushnell,NA,Logging,NA,NA,NA,NA,17.630369000000002,-89.015416000000002,Rainy,56,0.000587032823372,21258,0.007213905858632,No
315,904F,Bushnell,NA,Logging,NA,NA,NA,NA,17.628595000000001,-89.013926999999995,Rainy,56,0.001531582983710,14271,0.006501657043167,No
316,904G,Bushnell,NA,Logging,NA,NA,NA,NA,17.629463000000001,-89.016936999999999,Rainy,55,0.000072960199494,14271,0.007374512582191,No
317,905A,Bushnell,NA,No Logging,NA,NA,NA,NA,17.658643000000001,-89.013755000000003,Dry,27,0.003333723972122,21263,0.011750984745664,No
318,905B,Bushnell,NA,No Logging,NA,NA,NA,NA,17.658690000000000,-89.013687000000004,Dry,27,0.003404014505885,21263,0.011669760167477,No
319,905C,Bushnell,NA,Logging,NA,NA,NA,NA,17.684532000000001,-89.018499000000006,Dry,56,0.004542166530884,21277,0.000212804733015,No
320,905D,Bushnell,NA,Logging,NA,NA,NA,NA,17.684913999999999,-89.020159000000007,Rainy,56,0.003127620683657,21277,0.001880620609872,No
321,905F,Bushnell,NA,Logging,NA,NA,NA,NA,17.687044000000000,-89.021950000000004,Rainy,55,0.000417227531288,21272,0.003377595461841,No
322,905E,Bushnell,NA,Logging,NA,NA,NA,NA,17.687021000000001,-89.021906000000001,Rainy,55,0.000445855359902,21272,0.003370467227741,No
323,905G,Bushnell,NA,Logging,NA,NA,NA,NA,17.688945000000000,-89.022520000000000,Rainy,55,0.000011492018826,21272,0.002696506552115,No
324,906A,Bushnell,NA,No Logging,NA,NA,NA,NA,17.634817999999999,-89.034617999999995,Dry,56,0.001513268465357,20797,0.014409411045995,No
325,906C,Bushnell,NA,Logging,NA,NA,NA,NA,17.655360999999999,-88.964929999999995,Dry,57,0.000028348811444,20727,0.001057693748373,No
326,906G,Bushnell,NA,Logging,NA,NA,NA,NA,17.655457999999999,-88.964962999999997,Rainy,57,0.000008884476556,20727,0.001096555745588,No
327,907A,Bushnell,NA,No Logging,NA,NA,NA,NA,17.658517000000000,-89.017097000000007,Dry,27,0.000002232456590,21276,0.011185330977870,No
328,907B,Bushnell,NA,No Logging,NA,NA,NA,NA,17.658556000000001,-89.017080000000007,Dry,27,0.000044760492329,21276,0.011162627369583,No
329,907C,Bushnell,NA,Logging,NA,NA,NA,NA,17.688165999999999,-89.012992999999994,Dry,69,0.006899481384466,21272,0.004522436218992,No
330,907D,Bushnell,NA,Logging,NA,NA,NA,NA,17.519244000000000,-89.022424000000001,Rainy,22,0.000062375156286,20689,0.000796137389443,Yes
331,907E,Bushnell,NA,Logging,NA,NA,NA,NA,17.519245999999999,-89.022441000000001,Rainy,22,0.000061282017972,20689,0.000782925055002,Yes
332,907F,Bushnell,NA,Logging,NA,NA,NA,NA,17.519199000000000,-89.022375999999994,Rainy,22,0.000024913275350,20689,0.000861840235369,Yes
333,907G,Bushnell,NA,Logging,NA,NA,NA,NA,17.519169999999999,-89.022407999999999,Rainy,22,0.000009620190025,20689,0.000860613260953,Yes
334,908A,Bushnell,NA,No Logging,NA,NA,NA,NA,17.668540000000000,-89.012849000000003,Dry,56,0.002445126370063,21276,0.006266935017865,No
335,908B,Bushnell,NA,No Logging,NA,NA,NA,NA,17.668531000000002,-89.012833000000001,Dry,56,0.002462260223032,21276,0.006283877870106,No
336,908D,Bushnell,NA,No Logging,NA,NA,NA,NA,17.668534999999999,-89.012783999999996,Rainy,56,0.002510175562165,21276,0.006311050911422,No
337,908F,Bushnell,NA,No Logging,NA,NA,NA,NA,17.668513000000001,-89.012829999999994,Rainy,56,0.002467917512844,21276,0.006299909972969,No
338,909A,Bushnell,NA,No Logging,NA,NA,NA,NA,17.635843999999999,-89.034818999999999,Dry,2479,0.000813223470371,20797,0.013469415243976,No
339,909B,Bushnell,NA,Logging,NA,NA,NA,NA,17.649035000000001,-88.969421999999994,Dry,55,0.000023454133076,20728,0.003838156936155,No
340,909C,Bushnell,NA,Logging,NA,NA,NA,NA,17.648713000000001,-88.971661999999995,Dry,57,0.000648908958548,20728,0.001594372541044,No
341,910A,Bushnell,NA,No Logging,NA,NA,NA,NA,17.667591000000002,-89.014127999999999,Dry,56,0.001719761236131,21276,0.006428469745439,No
342,910B,Bushnell,NA,No Logging,NA,NA,NA,NA,17.667600000000000,-89.014039999999994,Dry,56,0.001773568566850,21276,0.006456045800402,No
343,910C,Bushnell,NA,No Logging,NA,NA,NA,NA,17.667611000000001,-89.014031000000003,Dry,56,0.001772074300553,21276,0.006449753655537,No
344,910D,Bushnell,NA,No Logging,NA,NA,NA,NA,17.667611999999998,-89.014120000000005,Rainy,56,0.001709675649140,21276,0.006412456314192,No
345,910E,Bushnell,NA,No Logging,NA,NA,NA,NA,17.667598999999999,-89.014058000000006,Rainy,56,0.001761730037812,21276,0.006449549290499,No
346,910G,Bushnell,NA,No Logging,NA,NA,NA,NA,17.669139000000001,-89.017928999999995,Rainy,55,0.000003911503261,21276,0.003882706576738,No
347,911C,Bushnell,NA,Logging,NA,NA,NA,NA,17.652073000000001,-88.963301999999999,Dry,55,0.001835723018057,20725,0.000621487699129,No
348,911F,Bushnell,NA,Logging,NA,NA,NA,NA,17.652206000000000,-88.963172999999998,Rainy,55,0.001895281629637,20726,0.000633936116415,No
349,913A,Bushnell,NA,No Logging,NA,NA,NA,NA,17.565484000000001,-88.999634999999998,Dry,69,0.000023250071591,20697,0.000639295153059,Yes
350,913B,Bushnell,NA,No Logging,NA,NA,NA,NA,17.565443999999999,-88.999550999999997,Dry,71,0.000016930851697,20697,0.000565206889522,Yes
351,02G,Bushnel,NA,Yes,NA,NA,NA,NA,17.518567999999998,-89.025859999999994,Rainy,46,0.000019839521846,20689,0.000338801997713,Yes
352,02F,Bushnel,NA,Yes,NA,NA,NA,NA,17.518743000000001,-89.025299000000004,Rainy,46,0.000020679718469,20689,0.000058076517780,Yes
353,02E,Bushnel,NA,Yes,NA,NA,NA,NA,17.519475000000000,-89.026982000000004,Rainy,28,0.000000292693933,20689,0.000387459316183,Yes
354,02H,Bushnel,NA,Yes,NA,NA,NA,NA,17.518557999999999,-89.025819999999996,Rainy,56,0.000007246383505,20689,0.000326784416247,Yes
355,01B,Bushnel,NA,Yes,NA,NA,NA,NA,17.535280000000000,-89.008442000000002,Dry,46,0.000000262847360,20690,0.000477810816516,Yes
356,11D,Bushnel,NA,Yes,NA,NA,NA,NA,17.643621000000000,-88.971425999999994,Rainy,27,0.000000774169968,20728,0.005183739804541,No
357,04C,Bushnel,NA,Yes,NA,NA,NA,NA,17.637706999999999,-88.993426999999997,Rainy,27,0.000007246726604,22735,0.005342754898183,No
358,03E,Bushnel,NA,Yes,NA,NA,NA,NA,17.527981000000000,-89.032737999999995,Rainy,56,0.000002953274843,21248,0.006545436100618,Yes
359,13D,Bushnel,NA,Yes,NA,NA,NA,NA,17.642139000000000,-88.980649000000000,Rainy,27,0.000002416665064,20701,0.003614258957085,No
360,03G,Bushnel,NA,Yes,NA,NA,NA,NA,17.531538999999999,-89.029274999999998,Rainy,55,0.000000561555343,20694,0.005316772848329,Yes
361,06C,Bushnel,NA,Yes,NA,NA,NA,NA,17.504028999999999,-89.013554999999997,Rainy,46,0.000004821159978,20687,0.002259597805034,Yes
362,06G,Bushnel,NA,Yes,NA,NA,NA,NA,17.500181000000001,-89.016014999999996,Rainy,29,0.000000477140213,20687,0.002631055721880,Yes
363,04B,Bushnel,NA,Yes,NA,NA,NA,NA,17.621421999999999,-89.001446000000001,Dry,38,0.000000057786903,22735,0.003104809497434,No
364,11C,Bushnel,NA,Yes,NA,NA,NA,NA,17.643609999999999,-88.971406000000002,Rainy,27,0.000006250211584,20728,0.005201106642779,No
365,13E,Bushnel,NA,Yes,NA,NA,NA,NA,17.638912000000001,-88.986048999999994,Rainy,38,0.000907771355827,20701,0.002194194602348,No
366,12E,Bushnel,NA,Yes,NA,NA,NA,NA,17.660115999999999,-89.018924999999996,Rainy,73,0.000513553771578,21276,0.008857901686069,No
367,01D,Bushnel,NA,Yes,NA,NA,NA,NA,17.527673000000000,-89.033933000000005,Rainy,24,0.000007333829942,21248,0.005332651594105,Yes
368,01G,Bushnel,NA,Yes,NA,NA,NA,NA,17.529000000000000,-89.030236000000002,Rainy,55,0.000000759756508,20694,0.006422300277592,Yes
369,02C,Bushnel,NA,Yes,NA,NA,NA,NA,17.518979000000002,-89.019610000000000,Rainy,46,0.000000324945574,20689,0.003070288779305,Yes
370,02D,Bushnel,NA,Yes,NA,NA,NA,NA,17.519479000000000,-89.026966000000002,Rainy,22,0.000001208187296,20689,0.000375064651371,Yes
371,03B,Bushnel,NA,Yes,NA,NA,NA,NA,17.529005999999999,-89.030225999999999,Dry,46,0.000004477848483,20694,0.006411561930313,Yes
372,03D,Bushnel,NA,Yes,NA,NA,NA,NA,17.527930000000001,-89.032786999999999,Rainy,24,0.000000055303302,21248,0.006492467826631,Yes
373,11E,Bushnel,NA,Yes,NA,NA,NA,NA,17.648463000000000,-88.970968999999997,Rainy,55,0.000078239507714,20728,0.002284856209830,No
374,01F,Bushnel,NA,Yes,NA,NA,NA,NA,17.532876000000002,-89.027664999999999,Rainy,28,0.000005749588154,20694,0.003994692348380,Yes
375,04D,Bushnel,NA,Yes,NA,NA,NA,NA,17.612718000000001,-89.002998000000005,Rainy,27,0.000001454893520,20699,0.008610857326464,No
376,04E,Bushnel,NA,Yes,NA,NA,NA,NA,17.612774999999999,-89.002990999999994,Rainy,27,0.000022489203202,20699,0.008581573792084,No
377,04G,Bushnel,NA,Yes,NA,NA,NA,NA,17.614674000000001,-89.009327999999996,Rainy,27,0.003184858747356,22735,0.006056588393592,No
378,13B,Bushnel,NA,Yes,NA,NA,NA,NA,17.639220999999999,-88.984179999999995,Dry,38,0.000004467637045,20701,0.000313317928731,No
379,13C,Bushnel,NA,Yes,NA,NA,NA,NA,17.642153000000000,-88.980698000000004,Rainy,27,0.000034433180808,20701,0.003574793285231,No
380,01H,Bushnel,NA,Yes,NA,NA,NA,NA,17.528849999999998,-89.030232999999996,Rainy,28,0.000009292771151,20694,0.006442000962699,Yes
381,02B,Bushnel,NA,Yes,NA,NA,NA,NA,17.518768000000001,-89.025182999999998,Dry,55,0.000002961472025,20689,0.000110807098024,Yes
382,01C,Bushnel,NA,Yes,NA,NA,NA,NA,17.535266000000000,-89.008461999999994,Rainy,46,0.000006161693806,20690,0.000498719006250,Yes
383,03C,Bushnel,NA,Yes,NA,NA,NA,NA,17.529010000000000,-89.030195000000006,Rainy,46,0.000001006429440,20694,0.006380306861398,Yes
384,13F,Bushnel,NA,Yes,NA,NA,NA,NA,17.638947999999999,-88.986102000000002,Rainy,38,0.000968761473773,20701,0.002243331207564,No
385,03F,Bushnel,NA,Yes,NA,NA,NA,NA,17.531492000000000,-89.029319000000001,Rainy,28,0.000017734465285,20694,0.005357530672518,Yes
386,11B,Bushnel,NA,Yes,NA,NA,NA,NA,17.648530000000001,-88.970906999999997,Dry,55,0.000000078967319,20728,0.002347334173360,No
387,04F,Bushnel,NA,Yes,NA,NA,NA,NA,17.614695000000001,-89.009272999999993,Rainy,27,0.003145764165088,22735,0.006028944480122,No
388,03H,Bushnel,NA,Yes,NA,NA,NA,NA,17.528113000000001,-89.033738000000000,Rainy,56,0.000000676576589,21248,0.005564371489499,Yes
389,06E,Bushnel,NA,Yes,NA,NA,NA,NA,17.499174000000000,-89.020994999999999,Rainy,46,0.000010726825898,20687,0.006491160610634,Yes
390,06H,Bushnel,NA,Yes,NA,NA,NA,NA,17.499154000000001,-89.021175999999997,Rainy,29,0.000001609055857,20687,0.006653323364316,Yes
391,05D,Bushnel,NA,No,NA,NA,NA,NA,17.689239000000001,-89.023768000000004,Rainy,27,0.000002181895683,21274,0.002771810223849,No
392,11A,Bushnel,NA,No,NA,NA,NA,NA,17.648577000000000,-88.971001000000001,Dry,57,0.000001377183599,20728,0.002253851760155,No
393,13A,Bushnel,NA,No,NA,NA,NA,NA,17.639220999999999,-88.984179999999995,Dry,38,0.000004467637045,20701,0.000313317928731,No
394,04A,Bushnel,NA,No,NA,NA,NA,NA,17.668885000000000,-89.015272999999993,Dry,56,0.000001050239950,21276,0.004757762653482,No
395,12B,Bushnel,NA,No,NA,NA,NA,NA,17.651650000000000,-89.012387000000004,Dry,55,0.000002354929666,21259,0.006056561903570,No
396,12C,Bushnel,NA,No,NA,NA,NA,NA,17.658479000000000,-89.017062999999993,Rainy,27,0.000028165346133,21276,0.011235861466332,No
397,13G,Bushnel,NA,No,NA,NA,NA,NA,17.632380000000001,-88.994833999999997,Rainy,27,0.000005777894641,22735,0.006515844038818,No
398,01A,Bushnel,NA,No,NA,NA,NA,NA,17.519711999999998,-89.031925000000001,Dry,56,0.000000647918707,20689,0.003696227548652,Yes
399,02A,Bushnel,NA,No,NA,NA,NA,NA,17.518753000000000,-89.025215000000003,Dry,56,0.000000455625416,20689,0.000088405606660,Yes
400,03A,Bushnel,NA,No,NA,NA,NA,NA,17.528991000000001,-89.030179000000004,Dry,56,0.000000126611215,20694,0.006367138210791,Yes
401,06A,Bushnel,NA,No,NA,NA,NA,NA,17.496407999999999,-89.014795000000007,Dry,55,0.000000065551561,20687,0.006420824245917,Yes
402,05A,Bushnel,NA,No,NA,NA,NA,NA,17.687519999999999,-89.021967000000004,Dry,56,0.000000354078324,21272,0.003018357321066,No
403,05B,Bushnel,NA,No,NA,NA,NA,NA,17.687467999999999,-89.021979999999999,Dry,55,0.000005323494339,21272,0.003065852855278,No
404,05C,Bushnel,NA,No,NA,NA,NA,NA,17.689140999999999,-89.023770999999996,Rainy,27,0.000064754137407,21274,0.002836682699484,No
405,12A,Bushnel,NA,No,NA,NA,NA,NA,17.628947000000000,-89.015415000000004,Dry,56,0.000003730962394,14271,0.006796364145863,No
406,05F,Bushnel,NA,No,NA,NA,NA,NA,17.674066000000000,-89.018299999999996,Rainy,2381,0.000604549094779,21276,0.001027248605804,No
407,12D,Bushnel,NA,No,NA,NA,NA,NA,17.658518000000001,-89.017123999999995,Rainy,27,0.000000355670278,21276,0.011169385710103,No
408,11F,Bushnel,NA,No,NA,NA,NA,NA,17.648561999999998,-88.970997999999994,Rainy,57,0.000009600905825,20728,0.002256688175031,No
409,12G,Bushnel,NA,No,NA,NA,NA,NA,17.663823000000001,-89.020105000000001,Rainy,69,0.000007995176908,21276,0.005123324809562,No
410,12F,Bushnel,NA,No,NA,NA,NA,NA,17.660043999999999,-89.019000000000005,Rainy,26,0.000592882997145,21276,0.008883138719082,No
